"Freq","KAach","KEach","DVach","EC50ach","m2max","chemax","IC50m2","IC50che","KAunk","KEunk","DVunk","EC50unk","MAXunk","test_freq","SS"
"finalparamsDF",0.3,2.932083,1.953569,6,5.383,0.975349955160305,0.596532343903129,7.02101805243427,29.8581118815604,1,1,7,5,0,0.3,2.2584039711804e-05
"",0.3,2.932083,1.953569,6,5.383,1.002815954346,0.660321773007325,7.04574934823635,22.1048431865911,1,1,7,5,0,0.3,2.01591945588891e-05
"",0.3,2.932083,1.953569,6,5.383,0.959879835554683,0.596102066629378,7.04872658054626,21.385816068792,1,1,7,5,0,0.3,2.27649807590115e-05
"",0.3,2.932083,1.953569,6,5.383,0.953970559579833,0.738763690871687,7.06217232857934,7.04076135024386,1,1,7,5,0,0.3,2.4059094450996e-05
"",0.3,2.932083,1.953569,6,5.383,1.00181846008831,0.594846514818211,6.99708354188821,23.0112263939672,1,1,7,5,0,0.3,2.2116281938517e-05
"",0.3,2.932083,1.953569,6,5.383,0.983067923613307,0.594227953009035,7.00834749907323,27.8164029393442,1,1,7,5,0,0.3,2.2566731393082e-05
"",0.3,2.932083,1.953569,6,5.383,0.967365136514431,0.596824010332435,7.03594663037664,27.7654537148917,1,1,7,5,0,0.3,2.2660417009187e-05
"",0.3,2.932083,1.953569,6,5.383,1.01265831910694,0.715162967944056,6.99942392686333,23.266653089917,1,1,7,5,0,0.3,1.59060355776335e-05
"",0.3,2.932083,1.953569,6,5.383,1.0070610968076,0.692185177529423,7.0090071226413,17.9585025816054,1,1,7,5,0,0.3,1.77266101703116e-05
"",0.3,2.932083,1.953569,6,5.383,0.961566174390001,0.669031367446278,7.04152179006753,7.34472254552734,1,1,7,5,0,0.3,2.33180872732917e-05
"",0.3,2.932083,1.953569,6,5.383,1.01066784704183,0.730730527281581,7.01475859425028,23.1895932614122,1,1,7,5,0,0.3,1.46329750246195e-05
"",0.3,2.932083,1.953569,6,5.383,0.949088199355411,0.59665507534972,7.12181912575908,27.7862865716339,1,1,7,5,0,0.3,2.3151554444058e-05
"",0.3,2.932083,1.953569,6,5.383,1.00917463843815,0.716638844658677,7.02484375481,23.843433871802,1,1,7,5,0,0.3,1.52301081248446e-05
"",0.3,2.932083,1.953569,6,5.383,1.00785088344079,0.711616965148676,7.02065223785718,15.5865549634627,1,1,7,5,0,0.3,1.63291001465483e-05
"",0.3,2.932083,1.953569,6,5.383,0.96617291671303,0.596854353562607,7.03917701258023,28.0352100395275,1,1,7,5,0,0.3,2.26804307056131e-05
"",0.3,2.932083,1.953569,6,5.383,1.00822539324468,0.670371233488626,6.98133516822089,21.8057158534856,1,1,7,5,0,0.3,1.83818523526181e-05
"",0.3,2.932083,1.953569,6,5.383,1.00690261667859,0.737288103250166,6.99497340044633,7.25548689881869,1,1,7,5,0,0.3,1.97200273618379e-05
"",0.3,2.932083,1.953569,6,5.383,0.961115310859991,0.595376816743105,7.05796742664366,26.1444360187775,1,1,7,5,0,0.3,2.27913374770862e-05
"",0.3,2.932083,1.953569,6,5.383,0.99798587980621,0.594958804713231,6.96095735619401,22.2293611799067,1,1,7,5,0,0.3,2.21302906701581e-05
"",0.3,2.932083,1.953569,6,5.383,0.971983044771037,0.750869300524297,7.00172291720749,6.99657397669247,1,1,7,5,0,0.3,2.3765426909718e-05
"",0.3,2.932083,1.953569,6,5.383,0.969183159907002,0.594530579405366,7.03537807487453,23.1406155613189,1,1,7,5,0,0.3,2.26579359588211e-05
"",0.3,2.932083,1.953569,6,5.383,0.961490021347571,0.597126076288983,7.05492329750958,28.0607410074994,1,1,7,5,0,0.3,2.27759866371034e-05
"",0.3,2.932083,1.953569,6,5.383,0.965663004797366,0.59489163884581,7.02382741536434,24.9679491274105,1,1,7,5,0,0.3,2.26271570065317e-05
"",0.3,2.932083,1.953569,6,5.383,1.01615504354943,0.704759568737817,6.94860753730166,23.7095229273796,1,1,7,5,0,0.3,1.52197047443857e-05
"",0.3,2.932083,1.953569,6,5.383,1.00344833352315,0.655472912066617,7.01664509609236,16.0027698345835,1,1,7,5,0,0.3,2.02130521616868e-05
"",0.3,2.932083,1.953569,6,5.383,0.954150560421371,0.596988513839904,7.05759049254107,22.5450636928074,1,1,7,5,0,0.3,2.28727678360644e-05
"",0.3,2.932083,1.953569,6,5.383,0.959666069440034,0.730367190883519,7.04148464516218,7.06751863762481,1,1,7,5,0,0.3,2.38441132045788e-05
"",0.3,2.932083,1.953569,6,5.383,0.95894603088947,0.596074826702088,7.07218579483172,22.8588143567725,1,1,7,5,0,0.3,2.28709472733654e-05
"",0.3,2.932083,1.953569,6,5.383,1.01279401452688,0.68825479938326,6.96553246305004,22.1338174504285,1,1,7,5,0,0.3,1.57690261232781e-05
"",0.3,2.932083,1.953569,6,5.383,1.01004611133399,0.70687164003276,7.00380936595557,30.8963780520393,1,1,7,5,0,0.3,1.54338563790208e-05
"",0.3,2.932083,1.953569,6,5.383,1.00996734239905,0.695575488555615,7.01075807479533,25.6867912800975,1,1,7,5,0,0.3,1.57792552488915e-05
"",0.3,2.932083,1.953569,6,5.383,1.00000273737724,0.596881051308296,7.01802083215459,24.9416727789005,1,1,7,5,0,0.3,2.25834519439457e-05
"",0.3,2.932083,1.953569,6,5.383,1.00976686435337,0.723619596279779,7.01319485013419,25.7109319894408,1,1,7,5,0,0.3,1.50878373076307e-05
"",0.3,2.932083,1.953569,6,5.383,0.997455632428628,0.618847011143718,7.00000630382679,21.656416646554,1,1,7,5,0,0.3,2.22938184008737e-05
"",0.3,2.932083,1.953569,6,5.383,1.0017265054114,0.639403783742697,7.00921869104898,22.0621214895351,1,1,7,5,0,0.3,2.12326229833144e-05
"",0.3,2.932083,1.953569,6,5.383,1.01001046473885,0.768915807869073,7.03952729331807,10.5086187576358,1,1,7,5,0,0.3,1.47352808205898e-05
"",0.3,2.932083,1.953569,6,5.383,0.956052393330228,0.704200531306196,7.05627037332453,7.16114849132461,1,1,7,5,0,0.3,2.37273988485028e-05
"",0.3,2.932083,1.953569,6,5.383,0.971040181821353,0.752550816015154,7.00184672288346,7,1,1,7,5,0,0.3,2.37517121016744e-05
"",0.3,2.932083,1.953569,6,5.383,1.00891974238844,0.722968811282468,7.02683766398323,25.6751123557552,1,1,7,5,0,0.3,1.51677564524223e-05
"",0.3,2.932083,1.953569,6,5.383,1.01837448295637,0.620043419868907,6.90749710357542,28.995874911615,1,1,7,5,0,0.3,1.81458872219969e-05
"",0.3,2.932083,1.953569,6,5.383,1.01006115675703,0.749056707560868,7.02147674095403,8.26758165650745,1,1,7,5,0,0.3,1.46513039925694e-05
"",0.3,2.932083,1.953569,6,5.383,0.971584355600726,0.595507284304406,7.01759012196815,21.7908440872959,1,1,7,5,0,0.3,2.25521349038988e-05
"",0.3,2.932083,1.953569,6,5.383,1.00967553476606,0.662959980482146,6.97232002160432,26.3387105653276,1,1,7,5,0,0.3,1.78413592087621e-05
"",0.3,2.932083,1.953569,6,5.383,1.01143851647978,0.733628714964953,7.00444072562512,22.902958401344,1,1,7,5,0,0.3,1.46307279196379e-05
"",0.3,2.932083,1.953569,6,5.383,0.965260621935489,0.596406437826014,7.04262943960143,22.6803111233159,1,1,7,5,0,0.3,2.27003796890083e-05
"",0.3,2.932083,1.953569,6,5.383,0.953800480957771,0.597277433421294,7.09590509105241,24.7041761262498,1,1,7,5,0,0.3,2.3006936678327e-05
"",0.3,2.932083,1.953569,6,5.383,1.00953691571118,0.716980442203481,7.00530389367325,8.61520674140868,1,1,7,5,0,0.3,1.56688408478845e-05
"",0.3,2.932083,1.953569,6,5.383,1.0106968225215,0.747157309834663,7.02155556971266,25.3553675096072,1,1,7,5,0,0.3,1.45518942383682e-05
"",0.3,2.932083,1.953569,6,5.383,0.957492425617887,0.595930016935449,7.08331150409264,23.7968523838609,1,1,7,5,0,0.3,2.29353944184662e-05
"",0.3,2.932083,1.953569,6,5.383,0.973723754817006,0.595257872171633,7.01573566587973,22.6786561149962,1,1,7,5,0,0.3,2.25385468512672e-05
"",0.3,2.932083,1.953569,6,5.383,0.94833131436806,0.727616480691172,7.05765761213944,7.07313728464459,1,1,7,5,0,0.3,2.40117434046246e-05
"",0.3,2.932083,1.953569,6,5.383,0.952278947711071,0.744715110386294,7.07099382881776,7.01738915035179,1,1,7,5,0,0.3,2.41872536702699e-05
"",0.3,2.932083,1.953569,6,5.383,0.970325977448275,0.70506180489525,7.00693535355073,7.1538156782906,1,1,7,5,0,0.3,2.34052289967628e-05
"",0.3,2.932083,1.953569,6,5.383,0.952396141856567,0.729033501678052,7.08150807791253,7.09034426972745,1,1,7,5,0,0.3,2.40973302004043e-05
"",0.3,2.932083,1.953569,6,5.383,1.00191567801587,0.684060919481278,7.03448450995209,7.95732928106653,1,1,7,5,0,0.3,2.09392650889093e-05
"",0.3,2.932083,1.953569,6,5.383,0.969028091365103,0.59631268538553,7.03614090382051,29.6785768437457,1,1,7,5,0,0.3,2.26614110812996e-05
"",0.3,2.932083,1.953569,6,5.383,0.979028567676997,0.593854491490862,7.03979920586684,23.4800455831869,1,1,7,5,0,0.3,2.28799361062115e-05
"",0.3,2.932083,1.953569,6,5.383,1.01513639150993,0.721323168424139,6.96811227442016,26.9311293266023,1,1,7,5,0,0.3,1.59882000395665e-05
"",0.3,2.932083,1.953569,6,5.383,0.95080306322192,0.595974975253244,7.09698883284307,25.2494704135455,1,1,7,5,0,0.3,2.30225648390097e-05
"",0.3,2.932083,1.953569,6,5.383,0.960624099875586,0.596741644410367,7.06528713146009,28.5313785236621,1,1,7,5,0,0.3,2.28312754458893e-05
"",0.3,2.932083,1.953569,6,5.383,0.969417723237509,0.74494123151034,7.00061176454595,7.01678085194721,1,1,7,5,0,0.3,2.36915724617952e-05
"",0.3,2.932083,1.953569,6,5.383,0.9477578961073,0.736313342685443,7.09005308953957,7.05399512898256,1,1,7,5,0,0.3,2.42190146517848e-05
"",0.3,2.932083,1.953569,6,5.383,0.973590158429529,0.595693394561809,7.03593760525104,28.1297121434722,1,1,7,5,0,0.3,2.26987599078032e-05
"",0.3,2.932083,1.953569,6,5.383,0.999460178533208,0.607537746940429,7.00428554798285,23.7968684669089,1,1,7,5,0,0.3,2.21277958058311e-05
"",0.3,2.932083,1.953569,6,5.383,1.01322858504133,0.715758975089436,6.9787315886774,32.8490703507751,1,1,7,5,0,0.3,1.48525109772045e-05
"",0.3,2.932083,1.953569,6,5.383,0.982470429635643,0.593746422500459,6.98762330044018,30.6627539613874,1,1,7,5,0,0.3,2.23691272965078e-05
"",0.3,2.932083,1.953569,6,5.383,1.00945695225478,0.739372188312131,7.03383526788682,27.1202502233094,1,1,7,5,0,0.3,1.45913932490358e-05
"",0.3,2.932083,1.953569,6,5.383,0.962343466753992,0.596234793894642,7.05397147669304,22.2795792832754,1,1,7,5,0,0.3,2.27670670531183e-05
"",0.3,2.932083,1.953569,6,5.383,1.01296080507032,0.694824345220428,6.98388405435591,24.800956284952,1,1,7,5,0,0.3,1.54730579069133e-05
"",0.3,2.932083,1.953569,6,5.383,0.946775760139149,0.596611229150992,7.12482283409796,24.1052150052829,1,1,7,5,0,0.3,2.31699129492997e-05
"",0.3,2.932083,1.953569,6,5.383,1.00396412333567,0.635133147190604,6.99805371531387,29.1903007411944,1,1,7,5,0,0.3,2.05225722962412e-05
"",0.3,2.932083,1.953569,6,5.383,0.958500892811791,0.593867391164931,7.07049490110763,22.0572964891567,1,1,7,5,0,0.3,2.28655614708069e-05
"",0.3,2.932083,1.953569,6,5.383,1.01283302693693,0.721380498190355,6.98115641459765,8.98600105281657,1,1,7,5,0,0.3,1.4865897124298e-05
"",0.3,2.932083,1.953569,6,5.383,0.955372946488242,0.690340284114421,7.04841352337048,7.23748175200708,1,1,7,5,0,0.3,2.35670942041439e-05
"",0.3,2.932083,1.953569,6,5.383,0.966109147398523,0.595451114241376,7.04247390597513,25.6428529127831,1,1,7,5,0,0.3,2.26977880512153e-05
"",0.3,2.932083,1.953569,6,5.383,0.973496090095628,0.59564041037614,7.0044305665781,21.8146875163426,1,1,7,5,0,0.3,2.24835561152446e-05
"",0.3,2.932083,1.953569,6,5.383,1.01776038715666,0.690375074545876,6.93127428326888,23.5251479263503,1,1,7,5,0,0.3,1.54516124769858e-05
"",0.3,2.932083,1.953569,6,5.383,0.957200996653387,0.708902269384476,7.03052264261759,7.13183916347713,1,1,7,5,0,0.3,2.36720566954127e-05
"",0.3,2.932083,1.953569,6,5.383,1.01136887502463,0.705167163766641,6.98607728051268,31.8123787042452,1,1,7,5,0,0.3,1.53907375817318e-05
"",0.3,2.932083,1.953569,6,5.383,0.976596800931315,0.594759678533004,7.00360723476145,22.7229723144031,1,1,7,5,0,0.3,2.24655155101187e-05
"",0.3,2.932083,1.953569,6,5.383,1.00997185979627,0.59647357745276,6.93535708113704,25.8571325607482,1,1,7,5,0,0.3,2.07801942663927e-05
"",0.3,2.932083,1.953569,6,5.383,1.00295855688801,0.625508305263237,6.97594350267225,23.8520476738297,1,1,7,5,0,0.3,2.13917029860886e-05
"",0.3,2.932083,1.953569,6,5.383,0.958279355959419,0.594858838395188,7.0617690308104,22.459853509406,1,1,7,5,0,0.3,2.28252419010642e-05
"",0.3,2.932083,1.953569,6,5.383,0.962589470610417,0.595335418599203,7.05546575369321,22.1148094362201,1,1,7,5,0,0.3,2.27744992584122e-05
"",0.3,2.932083,1.953569,6,5.383,0.951944008500239,0.596627397301267,7.10861939213357,21.8044362350827,1,1,7,5,0,0.3,2.30783035451859e-05
"",0.3,2.932083,1.953569,6,5.383,0.948469138571616,0.594024705337424,7.11373104003116,21.8149942163351,1,1,7,5,0,0.3,2.31137357848074e-05
"",0.3,2.932083,1.953569,6,5.383,1.01048428977714,0.750653012713684,7.0275517760905,22.4461148099685,1,1,7,5,0,0.3,1.45580881518501e-05
"",0.3,2.932083,1.953569,6,5.383,1.0042950771465,0.657750001081309,7.05174137065391,24.2028435325685,1,1,7,5,0,0.3,1.97727100255378e-05
"",0.3,2.932083,1.953569,6,5.383,0.968696182722642,0.724022012985852,7.01479702752112,7.06231159944565,1,1,7,5,0,0.3,2.37028606295989e-05
"",0.3,2.932083,1.953569,6,5.383,1.0089325565093,0.741102847381765,7.04648096143468,23.6398904415887,1,1,7,5,0,0.3,1.46519536539093e-05
"",0.3,2.932083,1.953569,6,5.383,1.00792089598583,0.770426345804264,7.07643008378678,30.3180245993571,1,1,7,5,0,0.3,1.43614482787878e-05
"",0.3,2.932083,1.953569,6,5.383,1.00908946905052,0.697723783079094,6.99996324406302,21.9316695177871,1,1,7,5,0,0.3,1.63859879440462e-05
"",0.3,2.932083,1.953569,6,5.383,1.01092260010995,0.72608704457457,7.00315779387252,22.3633312472951,1,1,7,5,0,0.3,1.48176015590816e-05
"",0.3,2.932083,1.953569,6,5.383,0.943390077271717,0.597860011883565,7.0845855994076,25.7833240117529,1,1,7,5,0,0.3,2.31247498635718e-05
"",0.3,2.932083,1.953569,6,5.383,0.965855592108601,0.717867553338036,6.99922349126867,7.10625422168985,1,1,7,5,0,0.3,2.35121247514949e-05
"",0.3,2.932083,1.953569,6,5.383,0.95520559478965,0.75248241465926,7.0564650869609,7,1,1,7,5,0,0.3,2.41371351303985e-05
"",0.3,2.932083,1.953569,6,5.383,1.00402089661442,0.635632557406972,6.98652583705731,30.5801913904275,1,1,7,5,0,0.3,2.07542586769357e-05
"",0.3,2.932083,1.953569,6,5.383,0.967041659669518,0.594950783176168,7.03892919878982,22.0031944489956,1,1,7,5,0,0.3,2.2677206754995e-05
"",0.3,2.932083,1.953569,6,5.383,0.953126575008536,0.595501722607392,7.06535845501848,25.5042696997323,1,1,7,5,0,0.3,2.29003442042496e-05
"",0.3,2.932083,1.953569,6,5.383,0.970048617037417,0.597538170455422,7.02503843545708,22.4130452939178,1,1,7,5,0,0.3,2.259749823209e-05
"",0.3,2.932083,1.953569,6,5.383,0.947101774557927,0.692660555044269,7.11697335214069,7.23364946993872,1,1,7,5,0,0.3,2.40050452993112e-05
"Freq","KAach","KEach","DVach","EC50ach","m2max","chemax","IC50m2","IC50che","KAunk","KEunk","DVunk","EC50unk","MAXunk","test_freq","SS"
"finalparamsDF",0.7,2.932083,1.953569,6,5.383,0.890412651994184,0.433998854593476,6.66484786644698,6.99520009225697,1,1,7,5,0,0.7,1.40587518914869e-05
"",0.7,2.932083,1.953569,6,5.383,0.858524641266204,0.365375640871269,6.74142393643174,22.8469111031747,1,1,7,5,0,0.7,1.39918481502946e-05
"",0.7,2.932083,1.953569,6,5.383,0.865409562417861,0.366535085732692,6.77776147062563,21.9622595919194,1,1,7,5,0,0.7,1.3989525611535e-05
"",0.7,2.932083,1.953569,6,5.383,0.879027309625557,0.365710945242378,6.72419251928022,21.357144833569,1,1,7,5,0,0.7,1.39531598118743e-05
"",0.7,2.932083,1.953569,6,5.383,0.872623634729724,0.430990354320778,6.73282600808828,7.00085543053576,1,1,7,5,0,0.7,1.4098620579118e-05
"",0.7,2.932083,1.953569,6,5.383,0.870074947197875,0.431538109305831,6.73819577444589,7.00943414030394,1,1,7,5,0,0.7,1.41020217058542e-05
"",0.7,2.932083,1.953569,6,5.383,0.857651975798203,0.426637418467137,6.79953221005242,7.05320618437494,1,1,7,5,0,0.7,1.41395629661819e-05
"",0.7,2.932083,1.953569,6,5.383,0.883877718165141,0.414362948989847,6.70309822056606,7.12696108791301,1,1,7,5,0,0.7,1.40460644480038e-05
"",0.7,2.932083,1.953569,6,5.383,0.886218977235522,0.529194103637619,6.68235750854167,6.59783740788435,1,1,7,5,0,0.7,1.42145752411805e-05
"",0.7,2.932083,1.953569,6,5.383,0.895588189226869,0.400486515114509,6.69145095945473,7.29360883138859,1,1,7,5,0,0.7,1.4014028257461e-05
"",0.7,2.932083,1.953569,6,5.383,0.890091017232243,0.363202433437325,6.67871125414278,28.9452210415221,1,1,7,5,0,0.7,1.39299141417031e-05
"",0.7,2.932083,1.953569,6,5.383,0.863639027403562,0.536318302364471,6.74433970809506,6.57856253368759,1,1,7,5,0,0.7,1.42721848503566e-05
"",0.7,2.932083,1.953569,6,5.383,0.880189966577965,0.406774817384606,6.71064686949746,7.15210960094297,1,1,7,5,0,0.7,1.40540834912323e-05
"",0.7,2.932083,1.953569,6,5.383,0.871620698166354,0.397685290537039,6.75115310766368,7.3403081842796,1,1,7,5,0,0.7,1.40432867183767e-05
"",0.7,2.932083,1.953569,6,5.383,0.876831656480276,0.437519456166738,6.70538993867055,6.9562592271428,1,1,7,5,0,0.7,1.40937651003631e-05
"",0.7,2.932083,1.953569,6,5.383,0.893288483260049,0.365713523040197,6.69071654956141,26.6688111895073,1,1,7,5,0,0.7,1.39316208175681e-05
"",0.7,2.932083,1.953569,6,5.383,0.844350200510511,0.365677371569843,6.86311377580273,28.9505765129573,1,1,7,5,0,0.7,1.40492440798223e-05
"",0.7,2.932083,1.953569,6,5.383,0.885363460003374,0.476473937697398,6.64756508036374,6.76962071164159,1,1,7,5,0,0.7,1.41423490285847e-05
"",0.7,2.932083,1.953569,6,5.383,0.901758790284994,0.418002173802081,6.65650951778459,7.12277789125141,1,1,7,5,0,0.7,1.40190933713222e-05
"",0.7,2.932083,1.953569,6,5.383,0.878730256100224,0.363602191203613,6.72001467548931,21.7023857971053,1,1,7,5,0,0.7,1.39531691501544e-05
"",0.7,2.932083,1.953569,6,5.383,0.88020415652655,0.438781790650266,6.70957820379542,6.9410359472251,1,1,7,5,0,0.7,1.40995109031349e-05
"",0.7,2.932083,1.953569,6,5.383,0.877740408036375,0.492765561416205,6.70487177698998,6.70838994836833,1,1,7,5,0,0.7,1.41804633641642e-05
"",0.7,2.932083,1.953569,6,5.383,0.878160065641153,0.579159800573585,6.69698021572216,6.47860754959395,1,1,7,5,0,0.7,1.42886866827653e-05
"",0.7,2.932083,1.953569,6,5.383,0.894279000644389,0.366356815132093,6.67577163812341,22.5916974111347,1,1,7,5,0,0.7,1.39225365559602e-05
"",0.7,2.932083,1.953569,6,5.383,0.904665809008455,0.431176278431423,6.64439319117308,7.00024729537703,1,1,7,5,0,0.7,1.40371468195114e-05
"",0.7,2.932083,1.953569,6,5.383,0.884068196299117,0.501672423187579,6.69444454346194,6.68463921887756,1,1,7,5,0,0.7,1.41845777161696e-05
"",0.7,2.932083,1.953569,6,5.383,0.86171253283833,0.519994446133751,6.78610085825145,6.62416617219857,1,1,7,5,0,0.7,1.42935680896795e-05
"",0.7,2.932083,1.953569,6,5.383,0.870133686847563,0.438264357682516,6.73218805758459,6.95187457431324,1,1,7,5,0,0.7,1.41128992936242e-05
"",0.7,2.932083,1.953569,6,5.383,0.844700336030866,0.415869688516088,6.82245680143081,7.1159944441339,1,1,7,5,0,0.7,1.41381396964132e-05
"",0.7,2.932083,1.953569,6,5.383,0.867859057892796,0.365801524629544,6.7094581018792,27.4041021087508,1,1,7,5,0,0.7,1.39746261891016e-05
"",0.7,2.932083,1.953569,6,5.383,0.866049850747172,0.452362303277543,6.75444505166155,6.88958717412556,1,1,7,5,0,0.7,1.41516187420747e-05
"",0.7,2.932083,1.953569,6,5.383,0.892659638577059,0.415102200782568,6.67158035546384,7.11473222714617,1,1,7,5,0,0.7,1.40277522796744e-05
"",0.7,2.932083,1.953569,6,5.383,0.865468429970673,0.426317190725105,6.77410454337962,7.02791864628765,1,1,7,5,0,0.7,1.41245857821264e-05
"",0.7,2.932083,1.953569,6,5.383,0.886194560375757,0.44441629017964,6.68329449718774,6.91423306127401,1,1,7,5,0,0.7,1.40891226325625e-05
"",0.7,2.932083,1.953569,6,5.383,0.890136972832149,0.429187255367548,6.6816576425446,7.00403443971196,1,1,7,5,0,0.7,1.40613357408376e-05
"",0.7,2.932083,1.953569,6,5.383,0.865428083926293,0.454254282086106,6.74257158894226,6.85543583281482,1,1,7,5,0,0.7,1.41534940709514e-05
"",0.7,2.932083,1.953569,6,5.383,0.868643577031983,0.366544226409891,6.74651176491419,21.8552941042437,1,1,7,5,0,0.7,1.39707495713639e-05
"",0.7,2.932083,1.953569,6,5.383,0.872253592421931,0.409740269186895,6.73389291679331,7.20044227597327,1,1,7,5,0,0.7,1.40563937751185e-05
"",0.7,2.932083,1.953569,6,5.383,0.87860962250082,0.365770470478268,6.71836218624292,22.1705892785748,1,1,7,5,0,0.7,1.39505904854703e-05
"",0.7,2.932083,1.953569,6,5.383,0.867954893806024,0.366490432074024,6.76694596588314,20.7796301666404,1,1,7,5,0,0.7,1.3981996708378e-05
"",0.7,2.932083,1.953569,6,5.383,0.895509837831401,0.364668756757567,6.68239978111899,21.1630032016737,1,1,7,5,0,0.7,1.39267731593733e-05
"",0.7,2.932083,1.953569,6,5.383,0.878499067013061,0.366638343333431,6.74182567516925,25.516240439051,1,1,7,5,0,0.7,1.39663773334684e-05
"",0.7,2.932083,1.953569,6,5.383,0.882655358631624,0.402390519772695,6.70845622219432,7.2672676672746,1,1,7,5,0,0.7,1.4023470177408e-05
"",0.7,2.932083,1.953569,6,5.383,0.879505617496564,0.580297740986433,6.69226728052951,6.48057999351249,1,1,7,5,0,0.7,1.42836012904015e-05
"",0.7,2.932083,1.953569,6,5.383,0.894111833518253,0.366487297199941,6.69379950943038,22.1093921600606,1,1,7,5,0,0.7,1.393499756649e-05
"",0.7,2.932083,1.953569,6,5.383,0.883018537351126,0.426895597166016,6.68716899488589,7.02698596595959,1,1,7,5,0,0.7,1.40622601975714e-05
"",0.7,2.932083,1.953569,6,5.383,0.897279977132487,0.426929753970665,6.66720004861972,7.05429541814629,1,1,7,5,0,0.7,1.40433054285878e-05
"",0.7,2.932083,1.953569,6,5.383,0.887261545646919,0.373998042455477,6.6876655447738,8.0398614469372,1,1,7,5,0,0.7,1.39490607488487e-05
"",0.7,2.932083,1.953569,6,5.383,0.877813642213888,0.417666051307919,6.69416004414764,7.0916231927788,1,1,7,5,0,0.7,1.40565135369074e-05
"",0.7,2.932083,1.953569,6,5.383,0.852576920924016,0.393035541521016,6.81783460379974,7.39802692191394,1,1,7,5,0,0.7,1.40821101490066e-05
"",0.7,2.932083,1.953569,6,5.383,0.85483179552168,0.416268033035587,6.8067409389947,7.14588885192849,1,1,7,5,0,0.7,1.41236275218631e-05
"",0.7,2.932083,1.953569,6,5.383,0.854553089164269,0.493841460777812,6.7836988664318,6.70353010651107,1,1,7,5,0,0.7,1.42439919288773e-05
"",0.7,2.932083,1.953569,6,5.383,0.893161256387837,0.367267894855523,6.6832748092734,25.8308998391668,1,1,7,5,0,0.7,1.39271773353916e-05
"",0.7,2.932083,1.953569,6,5.383,0.868267365134836,0.365379063969682,6.75642524071774,21.8390546787037,1,1,7,5,0,0.7,1.39753849957406e-05
"",0.7,2.932083,1.953569,6,5.383,0.863936840872845,0.458811018500723,6.75013392092935,6.84189901078495,1,1,7,5,0,0.7,1.4162455974263e-05
"",0.7,2.932083,1.953569,6,5.383,0.876822407445685,0.445636062538527,6.69655772476291,6.91196619489013,1,1,7,5,0,0.7,1.41046330972985e-05
"",0.7,2.932083,1.953569,6,5.383,0.884595781795298,0.367556584418503,6.73379828283253,22.6956089929472,1,1,7,5,0,0.7,1.39665240776221e-05
"",0.7,2.932083,1.953569,6,5.383,0.869103849707281,0.415524032177217,6.74756931097498,7.12055635166253,1,1,7,5,0,0.7,1.40795106564512e-05
"",0.7,2.932083,1.953569,6,5.383,0.869905415196965,0.365601779567987,6.75856284928127,24.6448907125771,1,1,7,5,0,0.7,1.39762072224389e-05
"",0.7,2.932083,1.953569,6,5.383,0.890105077792576,0.363771745360674,6.69744195224899,22.1770338506196,1,1,7,5,0,0.7,1.39375501026702e-05
"",0.7,2.932083,1.953569,6,5.383,0.865295104951301,0.367185835354606,6.77718873973202,23.1300122548586,1,1,7,5,0,0.7,1.3989525117774e-05
"",0.7,2.932083,1.953569,6,5.383,0.85940546352534,0.366084702971748,6.80045900693471,24.8819439952553,1,1,7,5,0,0.7,1.40052331403158e-05
"",0.7,2.932083,1.953569,6,5.383,0.885206409302289,0.430764905249055,6.67349741369969,7.01092862566078,1,1,7,5,0,0.7,1.40625186915914e-05
"",0.7,2.932083,1.953569,6,5.383,0.889374674283263,0.413310068914486,6.72609118178964,7.1274124180087,1,1,7,5,0,0.7,1.40872533494959e-05
"",0.7,2.932083,1.953569,6,5.383,0.903932280500794,0.39969211325961,6.63215831120779,7.27484238129179,1,1,7,5,0,0.7,1.39783831594195e-05
"",0.7,2.932083,1.953569,6,5.383,0.876690709796189,0.428544019434207,6.69765023209261,7.04625060612717,1,1,7,5,0,0.7,1.40763654273096e-05
"",0.7,2.932083,1.953569,6,5.383,0.884036876880249,0.366814654224296,6.73135146573955,21.5834634952849,1,1,7,5,0,0.7,1.3962217112927e-05
"",0.7,2.932083,1.953569,6,5.383,0.853681874563853,0.377393359140048,6.79661430441957,7.89015121257683,1,1,7,5,0,0.7,1.40314247629162e-05
"",0.7,2.932083,1.953569,6,5.383,0.909524357217035,0.43090449655118,6.63252914816216,7,1,1,7,5,0,0.7,1.40295832208931e-05
"",0.7,2.932083,1.953569,6,5.383,0.884767128590392,0.374586042407366,6.70778779260434,7.95863774544894,1,1,7,5,0,0.7,1.39612341570027e-05
"",0.7,2.932083,1.953569,6,5.383,0.899257714491955,0.430801331429161,6.65895096659931,7.01309945584941,1,1,7,5,0,0.7,1.4044532455035e-05
"",0.7,2.932083,1.953569,6,5.383,0.881196756611909,0.37752516567174,6.72447349315293,7.84973927124416,1,1,7,5,0,0.7,1.39783497700038e-05
"",0.7,2.932083,1.953569,6,5.383,0.876530906939027,0.366074757603113,6.69441191485908,25.3225837579353,1,1,7,5,0,0.7,1.39543282980587e-05
"",0.7,2.932083,1.953569,6,5.383,0.897533603695875,0.371089923605223,6.67940006971733,8.53150242875665,1,1,7,5,0,0.7,1.39336565975762e-05
"",0.7,2.932083,1.953569,6,5.383,0.893918353839334,0.400054737800874,6.68038219672618,7.35316232688564,1,1,7,5,0,0.7,1.40010646464259e-05
"",0.7,2.932083,1.953569,6,5.383,0.908125047908056,0.376640234904861,6.63942916315653,7.93660721935196,1,1,7,5,0,0.7,1.39227283557231e-05
"",0.7,2.932083,1.953569,6,5.383,0.876982368038381,0.433750181697942,6.71606293862525,6.97559403995434,1,1,7,5,0,0.7,1.40936842360541e-05
"",0.7,2.932083,1.953569,6,5.383,0.87214863664631,0.364875377698186,6.75124525726656,27.1391574826454,1,1,7,5,0,0.7,1.39716549672108e-05
"",0.7,2.932083,1.953569,6,5.383,0.844982386463538,0.420671867769989,6.83493291024736,7.08188584962016,1,1,7,5,0,0.7,1.41545751585685e-05
"",0.7,2.932083,1.953569,6,5.383,0.869173967524465,0.36553909113877,6.72101615337651,21.6231173194383,1,1,7,5,0,0.7,1.39668382878916e-05
"",0.7,2.932083,1.953569,6,5.383,0.85037923127557,0.416473274860337,6.80318054926232,7.09325938671131,1,1,7,5,0,0.7,1.4129193535799e-05
"",0.7,2.932083,1.953569,6,5.383,0.893617028397848,0.53736855189821,6.65881535070011,6.57708460785324,1,1,7,5,0,0.7,1.42073195306386e-05
"",0.7,2.932083,1.953569,6,5.383,0.881296474780191,0.383772384220937,6.72266499159627,7.62456826821953,1,1,7,5,0,0.7,1.39918707934297e-05
"",0.7,2.932083,1.953569,6,5.383,0.898182307828983,0.365778149328526,6.66274739659858,30.1889411919415,1,1,7,5,0,0.7,1.3915084696858e-05
"",0.7,2.932083,1.953569,6,5.383,0.890901125035858,0.36571536138902,6.69551850772449,21.5694449735914,1,1,7,5,0,0.7,1.39343898168637e-05
"",0.7,2.932083,1.953569,6,5.383,0.886105483715481,0.422245499078852,6.69119463368889,7.05363300440947,1,1,7,5,0,0.7,1.40552652568052e-05
"",0.7,2.932083,1.953569,6,5.383,0.841075930083738,0.407605849474295,6.84257207060864,7.19694780829384,1,1,7,5,0,0.7,1.41351493003028e-05
"",0.7,2.932083,1.953569,6,5.383,0.899211171002479,0.378731914811904,6.67043821385019,7.80642988140572,1,1,7,5,0,0.7,1.39456101112072e-05
"",0.7,2.932083,1.953569,6,5.383,0.922456398390797,0.415344997252489,6.60331169362295,7.1198506594442,1,1,7,5,0,0.7,1.39834398188644e-05
"",0.7,2.932083,1.953569,6,5.383,0.865428397702856,0.430181985034452,6.75324916816689,7,1,1,7,5,0,0.7,1.41141955900576e-05
"",0.7,2.932083,1.953569,6,5.383,0.896535977372321,0.425356911640664,6.65984292721857,7.04981497324419,1,1,7,5,0,0.7,1.40359516323261e-05
"",0.7,2.932083,1.953569,6,5.383,0.923809025935688,0.410599435610227,6.62068369907556,7.15650659438065,1,1,7,5,0,0.7,1.39995449822885e-05
"",0.7,2.932083,1.953569,6,5.383,0.864300538070995,0.43004815649537,6.75248606325346,7.01051570705705,1,1,7,5,0,0.7,1.41115513993286e-05
"",0.7,2.932083,1.953569,6,5.383,0.843071411280964,0.430819087852571,6.83959980077559,7.00949597550487,1,1,7,5,0,0.7,1.41778803836803e-05
"",0.7,2.932083,1.953569,6,5.383,0.860172341414443,0.365072227352756,6.77287386349572,22.4283588300344,1,1,7,5,0,0.7,1.39896590623422e-05
"",0.7,2.932083,1.953569,6,5.383,0.858733800600524,0.42077543971057,6.75885231581754,7.07957606970036,1,1,7,5,0,0.7,1.41028223970221e-05
"",0.7,2.932083,1.953569,6,5.383,0.875949528820288,0.474391827591287,6.70926795472824,6.76873357910833,1,1,7,5,0,0.7,1.41600712442778e-05
"",0.7,2.932083,1.953569,6,5.383,0.887266679586993,0.420462964328772,6.68655133413797,7.0807473621964,1,1,7,5,0,0.7,1.4045615537463e-05
"",0.7,2.932083,1.953569,6,5.383,0.860795244382038,0.365992887718005,6.79521277879557,26.3994076332964,1,1,7,5,0,0.7,1.40015686312878e-05
"",0.7,2.932083,1.953569,6,5.383,0.89319007283392,0.366345440494038,6.68981508137504,26.0885812354909,1,1,7,5,0,0.7,1.39308467161826e-05
"",0.7,2.932083,1.953569,6,5.383,0.887832289668875,0.418477023848713,6.68818222041931,7.08579635465288,1,1,7,5,0,0.7,1.40451761868323e-05
"Freq","KAach","KEach","DVach","EC50ach","m2max","chemax","IC50m2","IC50che","KAunk","KEunk","DVunk","EC50unk","MAXunk","test_freq","SS"
"finalparamsDF",1,2.932083,1.953569,6,5.383,0.660627037607183,0.391561316355407,21.2849418141805,8.51619326222074,1,1,7,5,0,1,1.24589026728635e-05
"",1,2.932083,1.953569,6,5.383,0.636395911000353,0.460952835121699,20.3432313455332,6.80970141792125,1,1,7,5,0,1,1.24132963283929e-05
"",1,2.932083,1.953569,6,5.383,0.646641697020654,0.421380287738524,21.7774583564651,7.17508356171888,1,1,7,5,0,1,1.24359621810689e-05
"",1,2.932083,1.953569,6,5.383,0.650483388938765,0.423483458080842,19.9122616575355,7.15435496574368,1,1,7,5,0,1,1.24348697232312e-05
"",1,2.932083,1.953569,6,5.383,0.633784840199042,0.486852615273463,21.2413292436006,6.67768268505684,1,1,7,5,0,1,1.24006400274039e-05
"",1,2.932083,1.953569,6,5.383,0.657607181014992,0.39690191225081,22.8905354366588,7.84825408885154,1,1,7,5,0,1,1.24542656541421e-05
"",1,2.932083,1.953569,6,5.383,0.653368405619888,0.408561644539646,19.8399928354624,7.40224593043539,1,1,7,5,0,1,1.24451150861043e-05
"",1,2.932083,1.953569,6,5.383,1.05551998619101,0.438731553099604,5.97695528851474,6.93665975208272,1,1,7,5,0,1,1.2419277113283e-05
"",1,2.932083,1.953569,6,5.383,0.639166896710638,0.451080686633299,19.8494916164854,6.88125794961031,1,1,7,5,0,1,1.24175773357021e-05
"",1,2.932083,1.953569,6,5.383,0.642579538770603,0.435499800857995,20.3699146589124,7.00733183319215,1,1,7,5,0,1,1.24267820486143e-05
"",1,2.932083,1.953569,6,5.383,0.660968139418536,0.390675888072396,21.2506432170738,13.3684856719555,1,1,7,5,0,1,1.24596181996784e-05
"",1,2.932083,1.953569,6,5.383,0.629094506268939,0.511024926119487,20.3139321598234,6.58682758631895,1,1,7,5,0,1,1.23904622685438e-05
"",1,2.932083,1.953569,6,5.383,0.641240399878441,0.447683140963919,21.2734818773946,6.90634400929206,1,1,7,5,0,1,1.24194793777681e-05
"",1,2.932083,1.953569,6,5.383,0.633406045675813,0.467955231979818,21.4455363941587,6.77639154522711,1,1,7,5,0,1,1.24087599227502e-05
"",1,2.932083,1.953569,6,5.383,0.658486229468928,0.398228600557566,20.7207956329782,7.79406422218899,1,1,7,5,0,1,1.24534527616729e-05
"",1,2.932083,1.953569,6,5.383,0.643757271940018,0.43577987139378,21.9826757649073,7.0065945390412,1,1,7,5,0,1,1.24265297092831e-05
"",1,2.932083,1.953569,6,5.383,0.644654704381847,0.438363276403357,20.513913314926,6.98299261911379,1,1,7,5,0,1,1.2424959671662e-05
"",1,2.932083,1.953569,6,5.383,0.658049027404686,0.399807411396986,21.3347147861356,7.68154677341197,1,1,7,5,0,1,1.24519159176585e-05
"",1,2.932083,1.953569,6,5.383,0.660599751938683,0.393996382067784,21.3419560913496,8.07525040403848,1,1,7,5,0,1,1.24569044661621e-05
"",1,2.932083,1.953569,6,5.383,0.630377686273859,0.505388051657097,20.6812788941698,6.61123784805344,1,1,7,5,0,1,1.23936566202186e-05
"",1,2.932083,1.953569,6,5.383,0.644573427612256,0.441872644892813,27.0355189443971,6.96378581459699,1,1,7,5,0,1,1.24237595852524e-05
"",1,2.932083,1.953569,6,5.383,0.65894331848842,0.395068231161625,20.7853021612437,7.98821668497628,1,1,7,5,0,1,1.24560214427363e-05
"",1,2.932083,1.953569,6,5.383,0.644064046630651,0.435730303027165,22.3514285281515,7.01025086416587,1,1,7,5,0,1,1.2426562704216e-05
"",1,2.932083,1.953569,6,5.383,0.643909197655785,0.435716510588555,19.9682188919584,7.00527481414886,1,1,7,5,0,1,1.24266426207744e-05
"",1,2.932083,1.953569,6,5.383,0.659248261173867,0.394568459288899,21.6892023605438,8.02981987542549,1,1,7,5,0,1,1.24564196139328e-05
"",1,2.932083,1.953569,6,5.383,0.65656756884502,0.399985563047871,20.821331867124,7.67590584518162,1,1,7,5,0,1,1.24517595270737e-05
"",1,2.932083,1.953569,6,5.383,0.644044293274738,0.438398142985353,21.0427871994785,6.98803980535498,1,1,7,5,0,1,1.24250448137615e-05
"",1,2.932083,1.953569,6,5.383,0.627108926191038,0.518538725485702,20.591253286112,6.56026282137084,1,1,7,5,0,1,1.2387706681663e-05
"",1,2.932083,1.953569,6,5.383,0.66206968773828,0.390921987008757,20.4569421958643,8.78444115547328,1,1,7,5,0,1,1.24594535727018e-05
"",1,2.932083,1.953569,6,5.383,0.641634236040669,0.457140673008231,20.2766333920856,6.84963211687728,1,1,7,5,0,1,1.24152941737957e-05
"",1,2.932083,1.953569,6,5.383,0.645732804320528,0.430759718939354,20.6101015320873,7.06186992226445,1,1,7,5,0,1,1.24297350490596e-05
"",1,2.932083,1.953569,6,5.383,0.661513019567369,0.390489781232659,28.7142769514167,13.3758157001955,1,1,7,5,0,1,1.24596449140955e-05
"",1,2.932083,1.953569,6,5.383,0.659503074988005,0.390108979002113,20.5167901903487,13.3753639210846,1,1,7,5,0,1,1.24598863779307e-05
"",1,2.932083,1.953569,6,5.383,0.640491736823759,0.456018483598785,19.9950115038766,6.85008661523014,1,1,7,5,0,1,1.24149070853208e-05
"",1,2.932083,1.953569,6,5.383,0.65616792948044,0.404510510356597,20.5930203568877,7.52131309462315,1,1,7,5,0,1,1.24483139939353e-05
"",1,2.932083,1.953569,6,5.383,0.637840353359304,0.476349436437339,19.7119028440443,6.73484388620066,1,1,7,5,0,1,1.24049636956506e-05
"",1,2.932083,1.953569,6,5.383,0.647507131114723,0.423775248005659,19.7714558445333,7.14334031125356,1,1,7,5,0,1,1.24343062862551e-05
"",1,2.932083,1.953569,6,5.383,0.626048161618326,0.524981960794238,20.8309782249713,6.53755968424207,1,1,7,5,0,1,1.23854011782187e-05
"",1,2.932083,1.953569,6,5.383,0.657495623330024,0.3957628960143,22.2236077182967,7.91331970414102,1,1,7,5,0,1,1.24551728766808e-05
"",1,2.932083,1.953569,6,5.383,0.647949800718846,0.415211051109597,20.8892718443907,7.25591762786649,1,1,7,5,0,1,1.24406016417231e-05
"",1,2.932083,1.953569,6,5.383,0.643868233638265,0.437041237889268,28.6562337561073,7,1,1,7,5,0,1,1.24258420657703e-05
"",1,2.932083,1.953569,6,5.383,0.620932492386501,0.536470270310328,20.6477298604691,6.49795505840103,1,1,7,5,0,1,1.23826799091606e-05
"",1,2.932083,1.953569,6,5.383,0.657689339392892,0.393726191700308,20.0517944477052,8.24788986623602,1,1,7,5,0,1,1.2457890945367e-05
"",1,2.932083,1.953569,6,5.383,0.618769239858184,0.559564355322318,21.9362828757184,6.4392455868404,1,1,7,5,0,1,1.2375022237077e-05
"",1,2.932083,1.953569,6,5.383,0.624184285883926,0.505855568053834,20.2930549476139,6.60133141582007,1,1,7,5,0,1,1.23925630939021e-05
"",1,2.932083,1.953569,6,5.383,0.644249201367251,0.437079423788738,20.2963283364401,7,1,1,7,5,0,1,1.24258377364131e-05
"",1,2.932083,1.953569,6,5.383,0.64191317078833,0.438034754577659,21.6789086048372,6.98672778156394,1,1,7,5,0,1,1.24251445867241e-05
"",1,2.932083,1.953569,6,5.383,0.640769981531806,0.452548627286123,20.7758493268942,6.87032371168173,1,1,7,5,0,1,1.2416820399741e-05
"",1,2.932083,1.953569,6,5.383,1.02880192007393,0.391812473367864,6.00753170639173,7.85482237611554,1,1,7,5,0,1,1.24804340469749e-05
"",1,2.932083,1.953569,6,5.383,0.644550230772255,0.439194254090781,20.8350086469726,6.98516533513333,1,1,7,5,0,1,1.24250092571216e-05
"",1,2.932083,1.953569,6,5.383,0.629611678002019,0.505729623783776,20.9461773542952,6.60849857744248,1,1,7,5,0,1,1.23929543823613e-05
"",1,2.932083,1.953569,6,5.383,0.660678927679545,0.391049939541087,21.9829661961866,8.71577780255591,1,1,7,5,0,1,1.2459328931764e-05
"",1,2.932083,1.953569,6,5.383,0.645095178056166,0.437552050728425,21.350863656873,7,1,1,7,5,0,1,1.24259741888629e-05
"",1,2.932083,1.953569,6,5.383,0.646679144207295,0.440753991295607,24.6363668927214,6.96638376146846,1,1,7,5,0,1,1.24236649795812e-05
"",1,2.932083,1.953569,6,5.383,0.646000285350094,0.441258366537574,21.5564371177167,6.98170272005543,1,1,7,5,0,1,1.24277938972676e-05
"",1,2.932083,1.953569,6,5.383,0.642105355605442,0.438542229416467,19.843026239329,6.98952229572251,1,1,7,5,0,1,1.24252579589294e-05
"",1,2.932083,1.953569,6,5.383,0.645349570091524,0.432871470444892,21.212740689872,7.04105275518614,1,1,7,5,0,1,1.24284524417692e-05
"",1,2.932083,1.953569,6,5.383,0.661043846729749,0.389762027820309,21.455493011884,19.7129788472188,1,1,7,5,0,1,1.24602645073363e-05
"",1,2.932083,1.953569,6,5.383,0.6305043496349,0.492102129725221,20.8613367631703,6.6599326097898,1,1,7,5,0,1,1.23977530865982e-05
"",1,2.932083,1.953569,6,5.383,0.644015191538816,0.440338089269587,22.1740039197647,6.97280232869887,1,1,7,5,0,1,1.24240530723042e-05
"",1,2.932083,1.953569,6,5.383,0.659775403049443,0.392921861981263,21.741878422546,8.38685103397598,1,1,7,5,0,1,1.24583634651762e-05
"",1,2.932083,1.953569,6,5.383,0.646311707948792,0.437142970731666,21.0634194166474,7.00625344421666,1,1,7,5,0,1,1.24265829095535e-05
"",1,2.932083,1.953569,6,5.383,0.658026175167225,0.400362282998718,21.6816135029154,7.665922668267,1,1,7,5,0,1,1.24514988097132e-05
"",1,2.932083,1.953569,6,5.383,0.648865029731671,0.419852022971298,20.6949849012238,7.19534696139478,1,1,7,5,0,1,1.24369602183364e-05
"",1,2.932083,1.953569,6,5.383,0.644079892809888,0.437016242099176,20.3639017412452,7,1,1,7,5,0,1,1.24258427497961e-05
"",1,2.932083,1.953569,6,5.383,0.626399943587575,0.517344815216716,21.5779834610161,6.56575877577344,1,1,7,5,0,1,1.23884261906163e-05
"",1,2.932083,1.953569,6,5.383,0.633571325094185,0.465521578877845,21.3072425838926,6.79485744500177,1,1,7,5,0,1,1.24104597086138e-05
"",1,2.932083,1.953569,6,5.383,0.649140663061064,0.424144327552352,25.5418753997477,7.14067741296228,1,1,7,5,0,1,1.24341226383862e-05
"",1,2.932083,1.953569,6,5.383,0.632362418236801,0.490226530642538,20.1478205130121,6.67179385950689,1,1,7,5,0,1,1.23992328036951e-05
"",1,2.932083,1.953569,6,5.383,0.646179248468611,0.437667392833836,21.2038542724168,7,1,1,7,5,0,1,1.24260569902021e-05
"",1,2.932083,1.953569,6,5.383,0.651406050132016,0.408591291320842,20.9843571208707,7.39226016793199,1,1,7,5,0,1,1.24452015620847e-05
"",1,2.932083,1.953569,6,5.383,0.660594186261371,0.391627414554588,27.3952606875209,8.78168924572593,1,1,7,5,0,1,1.2459244340095e-05
"",1,2.932083,1.953569,6,5.383,0.647305526649858,0.426009284321213,21.4704012709187,7.1051688414527,1,1,7,5,0,1,1.24330624853524e-05
"",1,2.932083,1.953569,6,5.383,0.641168985920178,0.455049459687156,35.2215222653174,6.85815761958951,1,1,7,5,0,1,1.24155280725346e-05
"",1,2.932083,1.953569,6,5.383,0.656155861591435,0.396303615241982,19.9158637257525,7.87121793596166,1,1,7,5,0,1,1.24547540812419e-05
"",1,2.932083,1.953569,6,5.383,0.655764624871479,0.401345529481206,20.5673239003704,7.61229576304586,1,1,7,5,0,1,1.24506915821815e-05
"",1,2.932083,1.953569,6,5.383,0.644562764537129,0.428181903684583,20.2062371508166,7.08807705014321,1,1,7,5,0,1,1.24313794879261e-05
"",1,2.932083,1.953569,6,5.383,0.9457693221398,0.391799782590119,6.08288288759925,7.97610442522502,1,1,7,5,0,1,1.24957578033003e-05
"",1,2.932083,1.953569,6,5.383,0.639402292449496,0.449987326285795,24.0081117080568,6.88989202926724,1,1,7,5,0,1,1.24181659892242e-05
"",1,2.932083,1.953569,6,5.383,0.654534657311645,0.398043670083954,20.1740504445161,7.75275897404604,1,1,7,5,0,1,1.24534135643059e-05
"",1,2.932083,1.953569,6,5.383,0.643173050729413,0.435748381278614,20.3288547889593,7,1,1,7,5,0,1,1.24270716869352e-05
"",1,2.932083,1.953569,6,5.383,0.649472585054702,0.421462362699641,21.0316331501409,7.16709679876296,1,1,7,5,0,1,1.24359354163236e-05
"",1,2.932083,1.953569,6,5.383,0.63919559159534,0.439864226590634,19.9723149847767,6.96550980888995,1,1,7,5,0,1,1.24243295938717e-05
"",1,2.932083,1.953569,6,5.383,0.644377022232234,0.437610088734077,19.8443919194783,6.99408592358767,1,1,7,5,0,1,1.24254588231956e-05
"",1,2.932083,1.953569,6,5.383,0.644492541240297,0.434959102017119,21.2044351573265,7.01879620593176,1,1,7,5,0,1,1.24270764053143e-05
"",1,2.932083,1.953569,6,5.383,0.658443195135543,0.390128363032339,22.0715434060387,13.3599775200603,1,1,7,5,0,1,1.24599028881769e-05
"",1,2.932083,1.953569,6,5.383,0.617768859107793,0.552536154084932,19.7608823412649,6.45859979972407,1,1,7,5,0,1,1.23772137043413e-05
"",1,2.932083,1.953569,6,5.383,0.657238777197504,0.401458547341749,21.5410955142435,7.61208576730567,1,1,7,5,0,1,1.24506049777848e-05
"",1,2.932083,1.953569,6,5.383,0.656368740004998,0.400715946859881,20.5567484596399,7.64494405699541,1,1,7,5,0,1,1.24511794292639e-05
"",1,2.932083,1.953569,6,5.383,0.658310252543564,0.392793956315151,25.109708160147,8.3288127654797,1,1,7,5,0,1,1.24580905674479e-05
"",1,2.932083,1.953569,6,5.383,0.655799122771838,0.407138775512123,22.2407591024507,7.43488183544595,1,1,7,5,0,1,1.2446235225625e-05
"",1,2.932083,1.953569,6,5.383,0.64559540510568,0.440732610053564,21.0029257374581,6.97455353632321,1,1,7,5,0,1,1.24246040444249e-05
"",1,2.932083,1.953569,6,5.383,0.640974130435498,0.45263043854509,22.1950308136175,6.87798002716672,1,1,7,5,0,1,1.24172248959823e-05
"",1,2.932083,1.953569,6,5.383,0.660111178680605,0.392735461733575,21.968026652801,8.29647067320913,1,1,7,5,0,1,1.24579733985158e-05
"",1,2.932083,1.953569,6,5.383,0.65157997277166,0.411410961275944,20.7547472729488,7.35715987723019,1,1,7,5,0,1,1.24435377388846e-05
"",1,2.932083,1.953569,6,5.383,0.643252510880033,0.437335995826653,20.2008402631794,7,1,1,7,5,0,1,1.24258947922764e-05
"",1,2.932083,1.953569,6,5.383,0.640375283573881,0.436833182486117,20.8584601096806,7,1,1,7,5,0,1,1.242599232377e-05
"",1,2.932083,1.953569,6,5.383,0.659683208051833,0.393039946890042,21.4066508046741,8.19891401966802,1,1,7,5,0,1,1.24576733721495e-05
"",1,2.932083,1.953569,6,5.383,0.627856714264049,0.5056743493997,21.8442271032238,6.60463357008119,1,1,7,5,0,1,1.23922957765739e-05
"",1,2.932083,1.953569,6,5.383,0.638433376032215,0.45708703523626,20.5006303442784,6.84143240939345,1,1,7,5,0,1,1.2414294112941e-05
"",1,2.932083,1.953569,6,5.383,0.628741458238702,0.497883199883559,20.8745347824413,6.635011295116,1,1,7,5,0,1,1.23953525072189e-05
