KAach,KEach,DVach,EC50ach,m2max,chemax,IC50m2,IC50che,KAunk,KEunk,DVunk,EC50unk,MAXunk,test_freq,SS,
0.3,0.29104513,0.726725274,5.970931795,5.383,0,0,7,7,1,1,7,5,0,0.3,1.58E-05
0.3,0.299676728,0.677956174,6,5.383,0,0,7,7,1,1,7,5,0,0.3,1.57E-05
0.3,0.299784237,0.677441193,6,5.383,0,0,7,7,1,1,7,5,0,0.3,1.57E-05
0.3,0.301002748,0.677567027,6,5.383,0,0,7,7,1,1,7,5,0,0.3,1.57E-05
0.3,0.300640141,0.677365078,6,5.383,0,0,7,7,1,1,7,5,0,0.3,1.57E-05
0.3,0.299281522,0.676693822,6,5.383,0,0,7,7,1,1,7,5,0,0.3,1.57E-05
0.3,0.29987331,0.676727912,6,5.383,0,0,7,7,1,1,7,5,0,0.3,1.57E-05
0.3,0.300456245,0.677228507,6,5.383,0,0,7,7,1,1,7,5,0,0.3,1.57E-05
0.3,0.302363797,0.67976638,6,5.383,0,0,7,7,1,1,7,5,0,0.3,1.57E-05
0.3,0.300753517,0.677447527,6,5.383,0,0,7,7,1,1,7,5,0,0.3,1.57E-05
0.3,0.301893354,0.669945995,6.004888769,5.383,0,0,7,7,1,1,7,5,0,0.3,1.57E-05
0.3,0.300154576,0.677887806,6,5.383,0,0,7,7,1,1,7,5,0,0.3,1.57E-05
0.3,0.299851234,0.676311984,6,5.383,0,0,7,7,1,1,7,5,0,0.3,1.57E-05
0.3,0.30062386,0.677352338,6,5.383,0,0,7,7,1,1,7,5,0,0.3,1.57E-05
0.3,0.322811428,0.597175962,6.05548573,5.383,0,0,7,7,1,1,7,5,0,0.3,1.56E-05
0.3,0.299767704,0.677577515,6,5.383,0,0,7,7,1,1,7,5,0,0.3,1.57E-05
0.3,0.367970292,0.498122999,6.136944463,5.383,0,0,7,7,1,1,7,5,0,0.3,1.55E-05
0.3,0.300501365,0.676462377,6.001562582,5.383,0,0,7,7,1,1,7,5,0,0.3,1.57E-05
0.3,0.300425454,0.677981261,6,5.383,0,0,7,7,1,1,7,5,0,0.3,1.57E-05
0.3,0.298947711,0.677333434,6,5.383,0,0,7,7,1,1,7,5,0,0.3,1.57E-05
0.3,0.325489799,0.59616942,6.060103976,5.383,0,0,7,7,1,1,7,5,0,0.3,1.56E-05
0.3,0.300556274,0.677741352,6,5.383,0,0,7,7,1,1,7,5,0,0.3,1.57E-05
0.3,0.300132756,0.683989762,5.996184827,5.383,0,0,7,7,1,1,7,5,0,0.3,1.57E-05
0.3,0.299804841,0.676941307,6,5.383,0,0,7,7,1,1,7,5,0,0.3,1.57E-05
0.3,0.300795713,0.677671951,6,5.383,0,0,7,7,1,1,7,5,0,0.3,1.57E-05
0.3,0.301855297,0.676343306,6,5.383,0,0,7,7,1,1,7,5,0,0.3,1.57E-05
0.3,0.300968913,0.678276054,6.001748213,5.383,0,0,7,7,1,1,7,5,0,0.3,1.57E-05
0.3,0.301719582,0.676650317,6.003899139,5.383,0,0,7,7,1,1,7,5,0,0.3,1.57E-05
0.3,0.300617943,0.678413616,6,5.383,0,0,7,7,1,1,7,5,0,0.3,1.57E-05
0.3,0.299201699,0.676038626,6,5.383,0,0,7,7,1,1,7,5,0,0.3,1.57E-05
0.3,0.300932597,0.673758018,6.004818833,5.383,0,0,7,7,1,1,7,5,0,0.3,1.57E-05
0.3,0.300976009,0.676801383,6,5.383,0,0,7,7,1,1,7,5,0,0.3,1.57E-05
0.3,0.304441255,0.656890081,6.01385061,5.383,0,0,7,7,1,1,7,5,0,0.3,1.57E-05
0.3,0.301848562,0.677949591,6,5.383,0,0,7,7,1,1,7,5,0,0.3,1.57E-05
0.3,0.298856858,0.674926586,6,5.383,0,0,7,7,1,1,7,5,0,0.3,1.57E-05
0.3,0.329895648,0.58195361,6.067596468,5.383,0,0,7,7,1,1,7,5,0,0.3,1.56E-05
0.3,0.300879097,0.677827939,6.000992938,5.383,0,0,7,7,1,1,7,5,0,0.3,1.57E-05
0.3,0.303037059,0.663471774,6.009007031,5.383,0,0,7,7,1,1,7,5,0,0.3,1.57E-05
0.3,0.301366131,0.676853504,6,5.383,0,0,7,7,1,1,7,5,0,0.3,1.57E-05
0.3,0.299425574,0.677689901,6.000500018,5.383,0,0,7,7,1,1,7,5,0,0.3,1.57E-05
0.3,0.300807193,0.67752896,6,5.383,0,0,7,7,1,1,7,5,0,0.3,1.57E-05
0.3,0.302741993,0.677578945,6,5.383,0,0,7,7,1,1,7,5,0,0.3,1.57E-05
0.3,0.299850571,0.67675603,6.001443795,5.383,0,0,7,7,1,1,7,5,0,0.3,1.57E-05
0.3,0.300467142,0.67930847,6,5.383,0,0,7,7,1,1,7,5,0,0.3,1.57E-05
0.3,0.299102633,0.677088457,6.001228778,5.383,0,0,7,7,1,1,7,5,0,0.3,1.57E-05
0.3,0.299972691,0.677200292,6,5.383,0,0,7,7,1,1,7,5,0,0.3,1.57E-05
0.3,0.300198309,0.675999586,6,5.383,0,0,7,7,1,1,7,5,0,0.3,1.57E-05
0.3,0.297086149,0.681036866,5.997976596,5.383,0,0,7,7,1,1,7,5,0,0.3,1.57E-05
0.3,0.302006788,0.678592777,6,5.383,0,0,7,7,1,1,7,5,0,0.3,1.57E-05
0.3,0.305831814,0.655909545,6.013650484,5.383,0,0,7,7,1,1,7,5,0,0.3,1.57E-05
0.3,0.300919839,0.677449555,6,5.383,0,0,7,7,1,1,7,5,0,0.3,1.57E-05
0.3,0.300605481,0.675826421,6.000751638,5.383,0,0,7,7,1,1,7,5,0,0.3,1.57E-05
0.3,0.300635549,0.67731229,6,5.383,0,0,7,7,1,1,7,5,0,0.3,1.57E-05
0.3,0.274581313,0.803135869,5.925222937,5.383,0,0,7,7,1,1,7,5,0,0.3,1.59E-05
0.3,0.304032984,0.673964842,6.003104231,5.383,0,0,7,7,1,1,7,5,0,0.3,1.57E-05
0.3,0.301395959,0.67827218,6,5.383,0,0,7,7,1,1,7,5,0,0.3,1.57E-05
0.3,0.300135578,0.678120338,6,5.383,0,0,7,7,1,1,7,5,0,0.3,1.57E-05
0.3,0.301628101,0.668751302,6.002925185,5.383,0,0,7,7,1,1,7,5,0,0.3,1.57E-05
0.3,0.287402453,0.729593598,5.967105758,5.383,0,0,7,7,1,1,7,5,0,0.3,1.58E-05
0.3,0.298991685,0.676050274,6,5.383,0,0,7,7,1,1,7,5,0,0.3,1.57E-05
0.3,0.300103506,0.676579163,6.002417255,5.383,0,0,7,7,1,1,7,5,0,0.3,1.57E-05
0.3,0.29792021,0.696300977,5.987729731,5.383,0,0,7,7,1,1,7,5,0,0.3,1.57E-05
0.3,0.298596114,0.677440572,6,5.383,0,0,7,7,1,1,7,5,0,0.3,1.57E-05
0.3,0.300615406,0.678290758,6,5.383,0,0,7,7,1,1,7,5,0,0.3,1.57E-05
0.3,0.30035891,0.677888789,6,5.383,0,0,7,7,1,1,7,5,0,0.3,1.57E-05
0.3,0.300331194,0.678239854,6,5.383,0,0,7,7,1,1,7,5,0,0.3,1.57E-05
0.3,0.301300991,0.677416636,6,5.383,0,0,7,7,1,1,7,5,0,0.3,1.57E-05
0.3,0.270427985,0.820899879,5.915884054,5.383,0,0,7,7,1,1,7,5,0,0.3,1.59E-05
0.3,0.300368014,0.677286478,6,5.383,0,0,7,7,1,1,7,5,0,0.3,1.57E-05
0.3,0.300474319,0.67738288,6,5.383,0,0,7,7,1,1,7,5,0,0.3,1.57E-05
0.3,0.299644904,0.677032495,6.0013175,5.383,0,0,7,7,1,1,7,5,0,0.3,1.57E-05
0.3,0.299410982,0.677347042,6,5.383,0,0,7,7,1,1,7,5,0,0.3,1.57E-05
0.3,0.300421722,0.674752154,6.002020327,5.383,0,0,7,7,1,1,7,5,0,0.3,1.57E-05
0.3,0.304864334,0.670301772,6.003577894,5.383,0,0,7,7,1,1,7,5,0,0.3,1.57E-05
0.3,0.286360861,0.742849059,5.960328449,5.383,0,0,7,7,1,1,7,5,0,0.3,1.58E-05
0.3,0.300798163,0.677687866,6,5.383,0,0,7,7,1,1,7,5,0,0.3,1.57E-05
0.3,0.300616021,0.678177121,6,5.383,0,0,7,7,1,1,7,5,0,0.3,1.57E-05
0.3,0.309408899,0.645497145,6.021319886,5.383,0,0,7,7,1,1,7,5,0,0.3,1.57E-05
0.3,0.299636441,0.680269193,6,5.383,0,0,7,7,1,1,7,5,0,0.3,1.57E-05
0.3,0.300925637,0.678045729,6,5.383,0,0,7,7,1,1,7,5,0,0.3,1.57E-05
0.3,0.298866907,0.676810218,6.000626871,5.383,0,0,7,7,1,1,7,5,0,0.3,1.57E-05
0.3,0.298533092,0.677510223,6,5.383,0,0,7,7,1,1,7,5,0,0.3,1.57E-05
0.3,0.300690375,0.678532394,6,5.383,0,0,7,7,1,1,7,5,0,0.3,1.57E-05
0.3,0.302986501,0.677850606,6,5.383,0,0,7,7,1,1,7,5,0,0.3,1.57E-05
0.3,0.297996127,0.677531035,6,5.383,0,0,7,7,1,1,7,5,0,0.3,1.57E-05
0.3,0.298340805,0.678413943,6,5.383,0,0,7,7,1,1,7,5,0,0.3,1.57E-05
0.3,0.300696807,0.677502288,6.002185568,5.383,0,0,7,7,1,1,7,5,0,0.3,1.57E-05
0.3,0.300524043,0.677827146,6,5.383,0,0,7,7,1,1,7,5,0,0.3,1.57E-05
0.3,0.29873801,0.679216234,6,5.383,0,0,7,7,1,1,7,5,0,0.3,1.57E-05
0.3,0.301036561,0.677849317,6,5.383,0,0,7,7,1,1,7,5,0,0.3,1.57E-05
0.3,0.299838179,0.675483418,6.001271702,5.383,0,0,7,7,1,1,7,5,0,0.3,1.57E-05
0.3,0.30275329,0.677633423,6,5.383,0,0,7,7,1,1,7,5,0,0.3,1.57E-05
0.3,0.300998196,0.67718806,6,5.383,0,0,7,7,1,1,7,5,0,0.3,1.57E-05
0.3,0.299945669,0.675915762,6.001071638,5.383,0,0,7,7,1,1,7,5,0,0.3,1.57E-05
0.3,0.301167834,0.677570344,6,5.383,0,0,7,7,1,1,7,5,0,0.3,1.57E-05
0.3,0.300792879,0.677525367,6,5.383,0,0,7,7,1,1,7,5,0,0.3,1.57E-05
0.3,0.29977519,0.678273165,6,5.383,0,0,7,7,1,1,7,5,0,0.3,1.57E-05
0.3,0.299691866,0.677486536,6,5.383,0,0,7,7,1,1,7,5,0,0.3,1.57E-05
0.3,0.299254223,0.684566426,5.996081821,5.383,0,0,7,7,1,1,7,5,0,0.3,1.57E-05
0.3,0.300707599,0.677829329,6,5.383,0,0,7,7,1,1,7,5,0,0.3,1.57E-05
0.3,0.292901288,0.705014359,5.981803963,5.383,0,0,7,7,1,1,7,5,0,0.3,1.58E-05
0.7,0.416794353,0.72275848,5.995700622,5.383,0,0,7,7,1,1,7,5,0,0.7,7.37E-06
0.7,0.418091393,0.714535514,6,5.383,0,0,7,7,1,1,7,5,0,0.7,7.37E-06
0.7,0.397155785,0.760088664,5.971854627,5.383,0,0,7,7,1,1,7,5,0,0.7,7.36E-06
0.7,0.41833135,0.714408267,6,5.383,0,0,7,7,1,1,7,5,0,0.7,7.37E-06
0.7,0.414089328,0.715224331,6,5.383,0,0,7,7,1,1,7,5,0,0.7,7.37E-06
0.7,0.417965809,0.715475095,6,5.383,0,0,7,7,1,1,7,5,0,0.7,7.37E-06
0.7,0.422321442,0.71704076,6,5.383,0,0,7,7,1,1,7,5,0,0.7,7.37E-06
0.7,0.417402047,0.715047215,6,5.383,0,0,7,7,1,1,7,5,0,0.7,7.37E-06
0.7,0.417565194,0.71481596,6,5.383,0,0,7,7,1,1,7,5,0,0.7,7.37E-06
0.7,0.4230364,0.715531537,6,5.383,0,0,7,7,1,1,7,5,0,0.7,7.37E-06
0.7,0.39495843,0.769002064,5.968122351,5.383,0,0,7,7,1,1,7,5,0,0.7,7.36E-06
0.7,0.410188997,0.712487073,6,5.383,0,0,7,7,1,1,7,5,0,0.7,7.37E-06
0.7,0.414353729,0.712734327,6,5.383,0,0,7,7,1,1,7,5,0,0.7,7.37E-06
0.7,0.420703414,0.715427136,6,5.383,0,0,7,7,1,1,7,5,0,0.7,7.37E-06
0.7,0.422752188,0.715767239,6,5.383,0,0,7,7,1,1,7,5,0,0.7,7.37E-06
0.7,0.423997168,0.716993706,6,5.383,0,0,7,7,1,1,7,5,0,0.7,7.37E-06
0.7,0.417564598,0.715512972,6,5.383,0,0,7,7,1,1,7,5,0,0.7,7.37E-06
0.7,0.417812394,0.711951607,6.001323283,5.383,0,0,7,7,1,1,7,5,0,0.7,7.37E-06
0.7,0.419701664,0.714621166,6,5.383,0,0,7,7,1,1,7,5,0,0.7,7.37E-06
0.7,0.419935207,0.716008528,6,5.383,0,0,7,7,1,1,7,5,0,0.7,7.37E-06
0.7,0.421268224,0.715232378,6,5.383,0,0,7,7,1,1,7,5,0,0.7,7.37E-06
0.7,0.460176951,0.634279918,6.052669054,5.383,0,0,7,7,1,1,7,5,0,0.7,7.39E-06
0.7,0.419458704,0.714869407,6,5.383,0,0,7,7,1,1,7,5,0,0.7,7.37E-06
0.7,0.423516806,0.710937863,6.003211123,5.383,0,0,7,7,1,1,7,5,0,0.7,7.37E-06
0.7,0.423015662,0.71641015,6,5.383,0,0,7,7,1,1,7,5,0,0.7,7.37E-06
0.7,0.417754872,0.715177073,6,5.383,0,0,7,7,1,1,7,5,0,0.7,7.37E-06
0.7,0.383146345,0.810791771,5.944701628,5.383,0,0,7,7,1,1,7,5,0,0.7,7.35E-06
0.7,0.454770528,0.65214981,6.040882599,5.383,0,0,7,7,1,1,7,5,0,0.7,7.38E-06
0.7,0.417357352,0.71532274,6,5.383,0,0,7,7,1,1,7,5,0,0.7,7.37E-06
0.7,0.413753051,0.723459207,5.994609469,5.383,0,0,7,7,1,1,7,5,0,0.7,7.37E-06
0.7,0.418895833,0.713127681,6.001274152,5.383,0,0,7,7,1,1,7,5,0,0.7,7.37E-06
0.7,0.419042936,0.71536794,6,5.383,0,0,7,7,1,1,7,5,0,0.7,7.37E-06
0.7,0.416062064,0.713381708,6,5.383,0,0,7,7,1,1,7,5,0,0.7,7.37E-06
0.7,0.431368287,0.692357478,6.014558252,5.383,0,0,7,7,1,1,7,5,0,0.7,7.37E-06
0.7,0.414595158,0.714301695,6,5.383,0,0,7,7,1,1,7,5,0,0.7,7.37E-06
0.7,0.417683777,0.716022921,6,5.383,0,0,7,7,1,1,7,5,0,0.7,7.37E-06
0.7,0.417902372,0.715031133,6,5.383,0,0,7,7,1,1,7,5,0,0.7,7.37E-06
0.7,0.491818111,0.600154309,6.076678439,5.383,0,0,7,7,1,1,7,5,0,0.7,7.39E-06
0.7,0.425955156,0.704652731,6.007286716,5.383,0,0,7,7,1,1,7,5,0,0.7,7.37E-06
0.7,0.41817418,0.713793091,6,5.383,0,0,7,7,1,1,7,5,0,0.7,7.37E-06
0.7,0.41828093,0.715501109,6,5.383,0,0,7,7,1,1,7,5,0,0.7,7.37E-06
0.7,0.416627219,0.714093101,6,5.383,0,0,7,7,1,1,7,5,0,0.7,7.37E-06
0.7,0.416639296,0.714693544,6,5.383,0,0,7,7,1,1,7,5,0,0.7,7.37E-06
0.7,0.420637907,0.716242441,6,5.383,0,0,7,7,1,1,7,5,0,0.7,7.37E-06
0.7,0.419382194,0.7155967,6,5.383,0,0,7,7,1,1,7,5,0,0.7,7.37E-06
0.7,0.419513581,0.714216451,6,5.383,0,0,7,7,1,1,7,5,0,0.7,7.37E-06
0.7,0.420537821,0.716327867,6,5.383,0,0,7,7,1,1,7,5,0,0.7,7.37E-06
0.7,0.42850216,0.695178375,6.012552845,5.383,0,0,7,7,1,1,7,5,0,0.7,7.37E-06
0.7,0.419828442,0.715843351,6,5.383,0,0,7,7,1,1,7,5,0,0.7,7.37E-06
0.7,0.418448955,0.714878288,6,5.383,0,0,7,7,1,1,7,5,0,0.7,7.37E-06
0.7,0.421932718,0.716460969,6,5.383,0,0,7,7,1,1,7,5,0,0.7,7.37E-06
0.7,0.416784696,0.715380197,6,5.383,0,0,7,7,1,1,7,5,0,0.7,7.37E-06
0.7,0.417897949,0.714464187,6,5.383,0,0,7,7,1,1,7,5,0,0.7,7.37E-06
0.7,0.421557416,0.707084934,6.004885528,5.383,0,0,7,7,1,1,7,5,0,0.7,7.37E-06
0.7,0.415860827,0.714602782,6,5.383,0,0,7,7,1,1,7,5,0,0.7,7.37E-06
0.7,0.369113266,0.876053845,5.911422221,5.383,0,0,7,7,1,1,7,5,0,0.7,7.34E-06
0.7,0.421531523,0.715650092,6,5.383,0,0,7,7,1,1,7,5,0,0.7,7.37E-06
0.7,0.415903368,0.714255811,6,5.383,0,0,7,7,1,1,7,5,0,0.7,7.37E-06
0.7,0.419234283,0.715643284,6,5.383,0,0,7,7,1,1,7,5,0,0.7,7.37E-06
0.7,0.418192456,0.714713112,6,5.383,0,0,7,7,1,1,7,5,0,0.7,7.37E-06
0.7,0.416516839,0.71570864,6,5.383,0,0,7,7,1,1,7,5,0,0.7,7.37E-06
0.7,0.419217546,0.715324977,6,5.383,0,0,7,7,1,1,7,5,0,0.7,7.37E-06
0.7,0.434952069,0.67660442,6.02376458,5.383,0,0,7,7,1,1,7,5,0,0.7,7.38E-06
0.7,0.417333592,0.715235581,6,5.383,0,0,7,7,1,1,7,5,0,0.7,7.37E-06
0.7,0.418165166,0.715117182,6,5.383,0,0,7,7,1,1,7,5,0,0.7,7.37E-06
0.7,0.459368969,0.636958947,6.050654565,5.383,0,0,7,7,1,1,7,5,0,0.7,7.39E-06
0.7,0.417963893,0.71521722,6,5.383,0,0,7,7,1,1,7,5,0,0.7,7.37E-06
0.7,0.374297188,0.85541231,5.92180964,5.383,0,0,7,7,1,1,7,5,0,0.7,7.34E-06
0.7,0.438695736,0.671242308,6.027409006,5.383,0,0,7,7,1,1,7,5,0,0.7,7.38E-06
0.7,0.420470618,0.714325826,6,5.383,0,0,7,7,1,1,7,5,0,0.7,7.37E-06
0.7,0.419387817,0.714371736,6,5.383,0,0,7,7,1,1,7,5,0,0.7,7.37E-06
0.7,0.421607605,0.715213814,6,5.383,0,0,7,7,1,1,7,5,0,0.7,7.37E-06
0.7,0.417510562,0.714774792,6,5.383,0,0,7,7,1,1,7,5,0,0.7,7.37E-06
0.7,0.414529805,0.712984146,6,5.383,0,0,7,7,1,1,7,5,0,0.7,7.37E-06
0.7,0.41784446,0.71511212,6,5.383,0,0,7,7,1,1,7,5,0,0.7,7.37E-06
0.7,0.419103993,0.715521543,6,5.383,0,0,7,7,1,1,7,5,0,0.7,7.37E-06
0.7,0.418314503,0.715613608,6,5.383,0,0,7,7,1,1,7,5,0,0.7,7.37E-06
0.7,0.419638998,0.715257972,6,5.383,0,0,7,7,1,1,7,5,0,0.7,7.37E-06
0.7,0.41504407,0.714582253,6,5.383,0,0,7,7,1,1,7,5,0,0.7,7.37E-06
0.7,0.632097204,0.473804249,6.178583375,5.383,0,0,7,7,1,1,7,5,0,0.7,7.39E-06
0.7,0.473734172,0.614100439,6.066070581,5.383,0,0,7,7,1,1,7,5,0,0.7,7.39E-06
0.7,0.417030977,0.713553571,6,5.383,0,0,7,7,1,1,7,5,0,0.7,7.37E-06
0.7,0.42021946,0.714536708,6,5.383,0,0,7,7,1,1,7,5,0,0.7,7.37E-06
0.7,0.416852411,0.714868258,6,5.383,0,0,7,7,1,1,7,5,0,0.7,7.37E-06
0.7,0.421001938,0.716819001,6,5.383,0,0,7,7,1,1,7,5,0,0.7,7.37E-06
0.7,0.417274673,0.714717602,6,5.383,0,0,7,7,1,1,7,5,0,0.7,7.37E-06
0.7,0.419302701,0.715565866,6,5.383,0,0,7,7,1,1,7,5,0,0.7,7.37E-06
0.7,0.418806938,0.716166769,6,5.383,0,0,7,7,1,1,7,5,0,0.7,7.37E-06
0.7,0.420047591,0.715868153,6,5.383,0,0,7,7,1,1,7,5,0,0.7,7.37E-06
0.7,0.416505135,0.713840718,6.00006942,5.383,0,0,7,7,1,1,7,5,0,0.7,7.37E-06
0.7,0.418603966,0.71558286,6,5.383,0,0,7,7,1,1,7,5,0,0.7,7.37E-06
0.7,0.418914118,0.715183011,6,5.383,0,0,7,7,1,1,7,5,0,0.7,7.37E-06
0.7,0.41610951,0.714504483,6,5.383,0,0,7,7,1,1,7,5,0,0.7,7.37E-06
0.7,0.657580004,0.468003022,6.185744929,5.383,0,0,7,7,1,1,7,5,0,0.7,7.39E-06
0.7,0.574721835,0.511367328,6.146188014,5.383,0,0,7,7,1,1,7,5,0,0.7,7.40E-06
0.7,0.424564722,0.714821023,6,5.383,0,0,7,7,1,1,7,5,0,0.7,7.37E-06
0.7,0.512362044,0.566619185,6.10159354,5.383,0,0,7,7,1,1,7,5,0,0.7,7.40E-06
0.7,0.416808428,0.716078136,6,5.383,0,0,7,7,1,1,7,5,0,0.7,7.37E-06
0.7,0.418518677,0.715539315,6,5.383,0,0,7,7,1,1,7,5,0,0.7,7.37E-06
0.7,0.420533339,0.716153195,6,5.383,0,0,7,7,1,1,7,5,0,0.7,7.37E-06
0.7,0.420517449,0.715486824,6,5.383,0,0,7,7,1,1,7,5,0,0.7,7.37E-06
1,0.33123503,0.679292564,6,5.383,0,0,7,7,1,1,7,5,0,1,8.67E-06
1,0.329817453,0.679055738,6,5.383,0,0,7,7,1,1,7,5,0,1,8.67E-06
1,0.363574205,0.57224228,6.075187799,5.383,0,0,7,7,1,1,7,5,0,1,8.66E-06
1,0.336291861,0.670651842,6.006535549,5.383,0,0,7,7,1,1,7,5,0,1,8.67E-06
1,0.334328143,0.681888524,6,5.383,0,0,7,7,1,1,7,5,0,1,8.67E-06
1,0.33024826,0.679637796,5.999375639,5.383,0,0,7,7,1,1,7,5,0,1,8.67E-06
1,0.335991486,0.659293117,6.013321264,5.383,0,0,7,7,1,1,7,5,0,1,8.67E-06
1,0.332407408,0.680100854,6,5.383,0,0,7,7,1,1,7,5,0,1,8.67E-06
1,0.331154909,0.678695946,6,5.383,0,0,7,7,1,1,7,5,0,1,8.67E-06
1,0.336023827,0.679734436,6,5.383,0,0,7,7,1,1,7,5,0,1,8.67E-06
1,0.33142101,0.679914593,6,5.383,0,0,7,7,1,1,7,5,0,1,8.67E-06
1,0.338494787,0.655008292,6.016276379,5.383,0,0,7,7,1,1,7,5,0,1,8.66E-06
1,0.333779843,0.681526934,6,5.383,0,0,7,7,1,1,7,5,0,1,8.67E-06
1,0.331684709,0.679430977,6,5.383,0,0,7,7,1,1,7,5,0,1,8.67E-06
1,0.334062568,0.680738094,6,5.383,0,0,7,7,1,1,7,5,0,1,8.67E-06
1,0.332565179,0.680080437,6,5.383,0,0,7,7,1,1,7,5,0,1,8.67E-06
1,0.332322012,0.680713053,6,5.383,0,0,7,7,1,1,7,5,0,1,8.67E-06
1,0.333304401,0.680084002,6,5.383,0,0,7,7,1,1,7,5,0,1,8.67E-06
1,0.334484103,0.681044802,6,5.383,0,0,7,7,1,1,7,5,0,1,8.67E-06
1,0.332768237,0.679518193,6,5.383,0,0,7,7,1,1,7,5,0,1,8.67E-06
1,0.330874819,0.679090482,6,5.383,0,0,7,7,1,1,7,5,0,1,8.67E-06
1,0.332178035,0.680113805,6,5.383,0,0,7,7,1,1,7,5,0,1,8.67E-06
1,0.330618017,0.680477461,6,5.383,0,0,7,7,1,1,7,5,0,1,8.67E-06
1,0.331205965,0.679652668,6,5.383,0,0,7,7,1,1,7,5,0,1,8.67E-06
1,0.333767115,0.679184305,6,5.383,0,0,7,7,1,1,7,5,0,1,8.67E-06
1,0.332735098,0.681396996,6,5.383,0,0,7,7,1,1,7,5,0,1,8.67E-06
1,0.319952034,0.738181529,5.964074422,5.383,0,0,7,7,1,1,7,5,0,1,8.67E-06
1,0.330320509,0.679876981,6,5.383,0,0,7,7,1,1,7,5,0,1,8.67E-06
1,0.333017202,0.680668927,6,5.383,0,0,7,7,1,1,7,5,0,1,8.67E-06
1,0.331916378,0.680137883,6,5.383,0,0,7,7,1,1,7,5,0,1,8.67E-06
1,0.326280419,0.721158175,5.97463627,5.383,0,0,7,7,1,1,7,5,0,1,8.67E-06
1,0.331903796,0.679550992,6,5.383,0,0,7,7,1,1,7,5,0,1,8.67E-06
1,0.516655941,0.387525206,6.244572602,5.383,0,0,7,7,1,1,7,5,0,1,8.65E-06
1,0.331839974,0.680302104,6,5.383,0,0,7,7,1,1,7,5,0,1,8.67E-06
1,0.333100369,0.680113026,6,5.383,0,0,7,7,1,1,7,5,0,1,8.67E-06
1,0.333189195,0.680544693,6,5.383,0,0,7,7,1,1,7,5,0,1,8.67E-06
1,0.331200306,0.680165565,6,5.383,0,0,7,7,1,1,7,5,0,1,8.67E-06
1,0.332127598,0.681156513,6,5.383,0,0,7,7,1,1,7,5,0,1,8.67E-06
1,0.332538657,0.680510254,6,5.383,0,0,7,7,1,1,7,5,0,1,8.67E-06
1,0.332361034,0.680382615,6,5.383,0,0,7,7,1,1,7,5,0,1,8.67E-06
1,0.33355422,0.680696004,6,5.383,0,0,7,7,1,1,7,5,0,1,8.67E-06
1,0.330514436,0.678736477,6,5.383,0,0,7,7,1,1,7,5,0,1,8.67E-06
1,0.333792606,0.678167675,6.000474793,5.383,0,0,7,7,1,1,7,5,0,1,8.67E-06
1,0.329825175,0.684189856,5.996767865,5.383,0,0,7,7,1,1,7,5,0,1,8.67E-06
1,0.332106839,0.679374503,6,5.383,0,0,7,7,1,1,7,5,0,1,8.67E-06
1,0.355593859,0.601231969,6.053893658,5.383,0,0,7,7,1,1,7,5,0,1,8.66E-06
1,0.332419029,0.679738975,6,5.383,0,0,7,7,1,1,7,5,0,1,8.67E-06
1,0.332488362,0.681652671,5.999037785,5.383,0,0,7,7,1,1,7,5,0,1,8.67E-06
1,0.332569899,0.679570331,6,5.383,0,0,7,7,1,1,7,5,0,1,8.67E-06
1,0.385555,0.518543442,6.117125795,5.383,0,0,7,7,1,1,7,5,0,1,8.65E-06
1,0.333705657,0.677302618,6.002100961,5.383,0,0,7,7,1,1,7,5,0,1,8.67E-06
1,0.332749497,0.680028063,6,5.383,0,0,7,7,1,1,7,5,0,1,8.67E-06
1,0.332896705,0.67970098,6,5.383,0,0,7,7,1,1,7,5,0,1,8.67E-06
1,0.331994295,0.680260037,6,5.383,0,0,7,7,1,1,7,5,0,1,8.67E-06
1,0.33102525,0.67943995,6,5.383,0,0,7,7,1,1,7,5,0,1,8.67E-06
1,0.335812279,0.677579565,6.002344849,5.383,0,0,7,7,1,1,7,5,0,1,8.67E-06
1,0.331102763,0.679063336,6,5.383,0,0,7,7,1,1,7,5,0,1,8.67E-06
1,0.330086609,0.686852079,5.9957825,5.383,0,0,7,7,1,1,7,5,0,1,8.67E-06
1,0.332626122,0.680336603,6,5.383,0,0,7,7,1,1,7,5,0,1,8.67E-06
1,0.332051454,0.67977526,6,5.383,0,0,7,7,1,1,7,5,0,1,8.67E-06
1,0.328436852,0.679237193,6,5.383,0,0,7,7,1,1,7,5,0,1,8.67E-06
1,0.33047806,0.679583665,6,5.383,0,0,7,7,1,1,7,5,0,1,8.67E-06
1,0.332991791,0.681497289,6,5.383,0,0,7,7,1,1,7,5,0,1,8.67E-06
1,0.332725294,0.679601735,6,5.383,0,0,7,7,1,1,7,5,0,1,8.67E-06
1,0.333790726,0.680519749,6,5.383,0,0,7,7,1,1,7,5,0,1,8.67E-06
1,0.333666717,0.680685134,6,5.383,0,0,7,7,1,1,7,5,0,1,8.67E-06
1,0.331291371,0.681761992,5.998656767,5.383,0,0,7,7,1,1,7,5,0,1,8.67E-06
1,0.330097584,0.68243873,5.997662587,5.383,0,0,7,7,1,1,7,5,0,1,8.67E-06
1,0.33103136,0.679736154,6,5.383,0,0,7,7,1,1,7,5,0,1,8.67E-06
1,0.467588535,0.426765641,6.203487615,5.383,0,0,7,7,1,1,7,5,0,1,8.65E-06
1,0.332940324,0.680314857,6,5.383,0,0,7,7,1,1,7,5,0,1,8.67E-06
1,0.332241751,0.680563653,6,5.383,0,0,7,7,1,1,7,5,0,1,8.67E-06
1,0.333505171,0.682090231,6,5.383,0,0,7,7,1,1,7,5,0,1,8.67E-06
1,0.333600813,0.680432083,6,5.383,0,0,7,7,1,1,7,5,0,1,8.67E-06
1,0.332456043,0.6801649,6,5.383,0,0,7,7,1,1,7,5,0,1,8.67E-06
1,0.330932877,0.678782021,6,5.383,0,0,7,7,1,1,7,5,0,1,8.67E-06
1,0.331113915,0.679105681,6,5.383,0,0,7,7,1,1,7,5,0,1,8.67E-06
1,0.330258165,0.688113478,5.995632209,5.383,0,0,7,7,1,1,7,5,0,1,8.67E-06
1,0.330613377,0.678583619,6,5.383,0,0,7,7,1,1,7,5,0,1,8.67E-06
1,0.333901794,0.678494224,6,5.383,0,0,7,7,1,1,7,5,0,1,8.67E-06
1,0.333314656,0.68149519,6,5.383,0,0,7,7,1,1,7,5,0,1,8.67E-06
1,0.332303097,0.680017143,6,5.383,0,0,7,7,1,1,7,5,0,1,8.67E-06
1,0.33207013,0.680147952,6,5.383,0,0,7,7,1,1,7,5,0,1,8.67E-06
1,0.332382672,0.680082311,6,5.383,0,0,7,7,1,1,7,5,0,1,8.67E-06
1,0.330232933,0.682793277,5.997573655,5.383,0,0,7,7,1,1,7,5,0,1,8.67E-06
1,0.350080891,0.614808083,6.044187459,5.383,0,0,7,7,1,1,7,5,0,1,8.66E-06
1,0.328812961,0.694058142,5.99102816,5.383,0,0,7,7,1,1,7,5,0,1,8.67E-06
1,0.329061644,0.677878435,6,5.383,0,0,7,7,1,1,7,5,0,1,8.67E-06
1,0.328642567,0.694118837,5.990885942,5.383,0,0,7,7,1,1,7,5,0,1,8.67E-06
1,0.343498432,0.636153872,6.028689513,5.383,0,0,7,7,1,1,7,5,0,1,8.66E-06
1,0.331976052,0.679815721,6,5.383,0,0,7,7,1,1,7,5,0,1,8.67E-06
1,0.331616634,0.679627637,6,5.383,0,0,7,7,1,1,7,5,0,1,8.67E-06
1,0.330429693,0.69896074,5.988831678,5.383,0,0,7,7,1,1,7,5,0,1,8.67E-06
1,0.333621955,0.680275263,6,5.383,0,0,7,7,1,1,7,5,0,1,8.67E-06
1,0.330702174,0.679570965,6,5.383,0,0,7,7,1,1,7,5,0,1,8.67E-06
1,0.332985247,0.677457581,6.001792932,5.383,0,0,7,7,1,1,7,5,0,1,8.67E-06
1,0.362769547,0.570696533,6.074807277,5.383,0,0,7,7,1,1,7,5,0,1,8.66E-06
1,0.335007565,0.681653169,6,5.383,0,0,7,7,1,1,7,5,0,1,8.67E-06
1,0.33166157,0.679714558,6,5.383,0,0,7,7,1,1,7,5,0,1,8.67E-06
1,0.48270976,0.410386484,6.219488045,5.383,0,0,7,7,1,1,7,5,0,1,8.65E-06
1,0.331761052,0.679681782,6,5.383,0,0,7,7,1,1,7,5,0,1,8.67E-06
3,0.648322871,1.532100332,6,5.383,0,0,7,7,1,1,7,5,0,3,5.15E-05
3,0.739277257,1.160611718,6.120799948,5.383,0,0,7,7,1,1,7,5,0,3,5.15E-05
3,1.07248214,0.788679082,6.288035449,5.383,0,0,7,7,1,1,7,5,0,3,5.15E-05
3,4.677298175,0.440659236,6.540691934,5.383,0,0,7,7,1,1,7,5,0,3,5.18E-05
3,0.645047596,1.532787982,6,5.383,0,0,7,7,1,1,7,5,0,3,5.15E-05
3,0.646276527,1.533010563,6,5.383,0,0,7,7,1,1,7,5,0,3,5.15E-05
3,23.7487665,0.13502733,7.039208183,5.383,0,0,7,7,1,1,7,5,0,3,0.000105992
3,0.6441344,1.531779482,6,5.383,0,0,7,7,1,1,7,5,0,3,5.15E-05
3,0.642242594,1.529323415,6,5.383,0,0,7,7,1,1,7,5,0,3,5.15E-05
3,0.645002189,1.5333054,6,5.383,0,0,7,7,1,1,7,5,0,3,5.15E-05
3,0.645408896,1.532687329,6,5.383,0,0,7,7,1,1,7,5,0,3,5.15E-05
3,0.644805344,1.533363525,6,5.383,0,0,7,7,1,1,7,5,0,3,5.15E-05
3,0.65180011,1.500328262,6.00917528,5.383,0,0,7,7,1,1,7,5,0,3,5.15E-05
3,1.017850346,0.822000025,6.270356149,5.383,0,0,7,7,1,1,7,5,0,3,5.15E-05
3,0.643426749,1.53126994,6,5.383,0,0,7,7,1,1,7,5,0,3,5.15E-05
3,0.78942683,1.056194947,6.161589029,5.383,0,0,7,7,1,1,7,5,0,3,5.15E-05
3,0.643331978,1.531901405,6,5.383,0,0,7,7,1,1,7,5,0,3,5.15E-05
3,0.64438527,1.531353955,6,5.383,0,0,7,7,1,1,7,5,0,3,5.15E-05
3,0.657326167,1.466745295,6.019327337,5.383,0,0,7,7,1,1,7,5,0,3,5.15E-05
3,0.644932288,1.532186709,6,5.383,0,0,7,7,1,1,7,5,0,3,5.15E-05
3,0.645420374,1.532025681,6,5.383,0,0,7,7,1,1,7,5,0,3,5.15E-05
3,0.642990477,1.538477997,5.998107707,5.383,0,0,7,7,1,1,7,5,0,3,5.15E-05
3,0.644871519,1.531897205,6,5.383,0,0,7,7,1,1,7,5,0,3,5.15E-05
3,8.114034223,0.318690814,6.681058643,5.383,0,0,7,7,1,1,7,5,0,3,5.40E-05
3,0.766472616,1.098153273,6.144687172,5.383,0,0,7,7,1,1,7,5,0,3,5.15E-05
3,0.64345173,1.532002993,6,5.383,0,0,7,7,1,1,7,5,0,3,5.15E-05
3,0.648386549,1.532552984,6,5.383,0,0,7,7,1,1,7,5,0,3,5.15E-05
3,0.643263491,1.531890259,6,5.383,0,0,7,7,1,1,7,5,0,3,5.15E-05
3,0.745613541,1.152641149,6.123667202,5.383,0,0,7,7,1,1,7,5,0,3,5.15E-05
3,0.645002342,1.532847579,6,5.383,0,0,7,7,1,1,7,5,0,3,5.15E-05
3,0.645356186,1.532317856,6,5.383,0,0,7,7,1,1,7,5,0,3,5.15E-05
3,0.689624426,1.315925531,6.066264638,5.383,0,0,7,7,1,1,7,5,0,3,5.15E-05
3,0.66816542,1.400067604,6.039003958,5.383,0,0,7,7,1,1,7,5,0,3,5.15E-05
3,1.754456691,0.626733688,6.388133761,5.383,0,0,7,7,1,1,7,5,0,3,5.15E-05
3,1.208155333,0.74050831,6.316179647,5.383,0,0,7,7,1,1,7,5,0,3,5.15E-05
3,4.693179431,0.439659391,6.541417,5.383,0,0,7,7,1,1,7,5,0,3,5.18E-05
3,45.80638087,0.102381136,7.142749954,5.383,0,0,7,7,1,1,7,5,0,3,0.000159313
3,0.866708511,0.941996403,6.211079627,5.383,0,0,7,7,1,1,7,5,0,3,5.15E-05
3,0.70056439,1.275783127,6.079591195,5.383,0,0,7,7,1,1,7,5,0,3,5.15E-05
3,0.644810707,1.532353362,6,5.383,0,0,7,7,1,1,7,5,0,3,5.15E-05
3,0.647062432,1.532507986,6,5.383,0,0,7,7,1,1,7,5,0,3,5.15E-05
3,1.078211253,0.789579365,6.288133119,5.383,0,0,7,7,1,1,7,5,0,3,5.15E-05
3,0.644430069,1.532207643,6,5.383,0,0,7,7,1,1,7,5,0,3,5.15E-05
3,7.860929567,0.325034715,6.672480408,5.383,0,0,7,7,1,1,7,5,0,3,5.38E-05
3,2.10939553,0.590262442,6.414572099,5.383,0,0,7,7,1,1,7,5,0,3,5.15E-05
3,0.641545334,1.532324378,6,5.383,0,0,7,7,1,1,7,5,0,3,5.15E-05
3,0.646096671,1.532035634,6,5.383,0,0,7,7,1,1,7,5,0,3,5.15E-05
3,0.815183547,1.010808972,6.180658307,5.383,0,0,7,7,1,1,7,5,0,3,5.15E-05
3,0.672297233,1.390514514,6.042197774,5.383,0,0,7,7,1,1,7,5,0,3,5.15E-05
3,0.641987621,1.529663817,6,5.383,0,0,7,7,1,1,7,5,0,3,5.15E-05
3,1.065477359,0.799091809,6.283061997,5.383,0,0,7,7,1,1,7,5,0,3,5.15E-05
3,0.644535103,1.532099473,6,5.383,0,0,7,7,1,1,7,5,0,3,5.15E-05
3,0.6467186,1.531997454,6,5.383,0,0,7,7,1,1,7,5,0,3,5.15E-05
3,3.724461424,0.487154793,6.497680451,5.383,0,0,7,7,1,1,7,5,0,3,5.15E-05
3,5.334455587,0.410554166,6.570313863,5.383,0,0,7,7,1,1,7,5,0,3,5.20E-05
3,0.645822948,1.533562005,6,5.383,0,0,7,7,1,1,7,5,0,3,5.15E-05
3,0.646964857,1.53322553,6,5.383,0,0,7,7,1,1,7,5,0,3,5.15E-05
3,0.907453859,0.902906661,6.229860052,5.383,0,0,7,7,1,1,7,5,0,3,5.15E-05
3,0.64690906,1.532677518,6,5.383,0,0,7,7,1,1,7,5,0,3,5.15E-05
3,0.646212235,1.533574489,6,5.383,0,0,7,7,1,1,7,5,0,3,5.15E-05
3,0.645084909,1.533269212,6,5.383,0,0,7,7,1,1,7,5,0,3,5.15E-05
3,0.013671637,0.58086938,5.954562767,5.383,0,0,7,7,1,1,7,5,0,3,0.001348349
3,0.644771545,1.532296743,6,5.383,0,0,7,7,1,1,7,5,0,3,5.15E-05
3,0.644088654,1.532774837,6,5.383,0,0,7,7,1,1,7,5,0,3,5.15E-05
3,0.643724215,1.533028387,6,5.383,0,0,7,7,1,1,7,5,0,3,5.15E-05
3,0.645710509,1.523939879,6.002118993,5.383,0,0,7,7,1,1,7,5,0,3,5.15E-05
3,0.64494942,1.532156046,6,5.383,0,0,7,7,1,1,7,5,0,3,5.15E-05
3,0.769985477,1.08921569,6.14818531,5.383,0,0,7,7,1,1,7,5,0,3,5.15E-05
3,0.738552066,1.162284952,6.120108207,5.383,0,0,7,7,1,1,7,5,0,3,5.15E-05
3,0.655646421,1.474246272,6.016741526,5.383,0,0,7,7,1,1,7,5,0,3,5.15E-05
3,0.826702655,0.992968142,6.188307688,5.383,0,0,7,7,1,1,7,5,0,3,5.15E-05
3,22.77817002,0.168117517,6.949448207,5.383,0,0,7,7,1,1,7,5,0,3,7.98E-05
3,1.396889331,0.682337377,6.350560004,5.383,0,0,7,7,1,1,7,5,0,3,5.15E-05
3,1.001445117,0.829185543,6.266418309,5.383,0,0,7,7,1,1,7,5,0,3,5.15E-05
3,0.904979892,0.907626565,6.227855987,5.383,0,0,7,7,1,1,7,5,0,3,5.15E-05
3,0.647113299,1.531852327,6,5.383,0,0,7,7,1,1,7,5,0,3,5.15E-05
3,0.670212236,1.396792157,6.040659794,5.383,0,0,7,7,1,1,7,5,0,3,5.15E-05
3,0.645814892,1.533450197,6,5.383,0,0,7,7,1,1,7,5,0,3,5.15E-05
3,0.644028718,1.532363361,6,5.383,0,0,7,7,1,1,7,5,0,3,5.15E-05
3,5.67358025,0.397541612,6.585536285,5.383,0,0,7,7,1,1,7,5,0,3,5.22E-05
3,0.883929306,0.923786828,6.219681661,5.383,0,0,7,7,1,1,7,5,0,3,5.15E-05
3,0.645560302,1.532248551,6,5.383,0,0,7,7,1,1,7,5,0,3,5.15E-05
3,0.644154567,1.532128375,6,5.383,0,0,7,7,1,1,7,5,0,3,5.15E-05
3,0.6456628,1.532774595,6,5.383,0,0,7,7,1,1,7,5,0,3,5.15E-05
3,0.644528987,1.532272015,6,5.383,0,0,7,7,1,1,7,5,0,3,5.15E-05
3,0.64415687,1.532056681,6,5.383,0,0,7,7,1,1,7,5,0,3,5.15E-05
3,0.637926508,1.530959913,6,5.383,0,0,7,7,1,1,7,5,0,3,5.15E-05
3,0.750724077,1.135580773,6.1304063,5.383,0,0,7,7,1,1,7,5,0,3,5.15E-05
3,0.645396919,1.531563815,6,5.383,0,0,7,7,1,1,7,5,0,3,5.15E-05
3,0.732424069,1.176252427,6.114819302,5.383,0,0,7,7,1,1,7,5,0,3,5.15E-05
3,0.643566818,1.530315255,6,5.383,0,0,7,7,1,1,7,5,0,3,5.15E-05
3,0.64780571,1.53541607,6,5.383,0,0,7,7,1,1,7,5,0,3,5.15E-05
3,5.110176136,0.421659312,6.560355371,5.383,0,0,7,7,1,1,7,5,0,3,5.19E-05
3,0.00223242,0.338203328,5.49295926,5.383,0,0,7,7,1,1,7,5,0,3,0.002013314
3,0.769887106,1.09171585,6.147271931,5.383,0,0,7,7,1,1,7,5,0,3,5.15E-05
3,8.790563299,0.303316469,6.702476411,5.383,0,0,7,7,1,1,7,5,0,3,5.47E-05
3,1.765774471,0.619858995,6.391098543,5.383,0,0,7,7,1,1,7,5,0,3,5.15E-05
3,9.689961873,0.286058347,6.727650977,5.383,0,0,7,7,1,1,7,5,0,3,5.57E-05
3,0.64525419,1.53279815,6,5.383,0,0,7,7,1,1,7,5,0,3,5.15E-05
3,0.70807541,1.250583194,6.088328703,5.383,0,0,7,7,1,1,7,5,0,3,5.15E-05
3,0.760332986,1.109523905,6.140216191,5.383,0,0,7,7,1,1,7,5,0,3,5.15E-05
7,0.271356194,0.475749654,6.588578081,5.383,0,0,7,7,1,1,7,5,0,7,5.07E-06
7,0.221716303,0.744763034,6.394346552,5.383,0,0,7,7,1,1,7,5,0,7,5.51E-06
7,0.177942354,1.828394638,6,5.383,0,0,7,7,1,1,7,5,0,7,6.37E-06
7,0.178191264,1.831553002,6,5.383,0,0,7,7,1,1,7,5,0,7,6.37E-06
7,0.188344266,1.267596508,6.160761721,5.383,0,0,7,7,1,1,7,5,0,7,6.06E-06
7,0.177326796,1.827022236,6,5.383,0,0,7,7,1,1,7,5,0,7,6.37E-06
7,0.184987484,1.432375416,6.106737918,5.383,0,0,7,7,1,1,7,5,0,7,6.17E-06
7,0.321663846,0.371218787,6.696876137,5.383,0,0,7,7,1,1,7,5,0,7,4.94E-06
7,0.179023605,1.701658812,6.031910332,5.383,0,0,7,7,1,1,7,5,0,7,6.31E-06
7,0.212394187,0.82484876,6.34916974,5.383,0,0,7,7,1,1,7,5,0,7,5.62E-06
7,0.178273283,1.828939852,6,5.383,0,0,7,7,1,1,7,5,0,7,6.37E-06
7,0.408006596,0.294253108,6.797723468,5.383,0,0,7,7,1,1,7,5,0,7,4.98E-06
7,0.179847393,1.832452418,6,5.383,0,0,7,7,1,1,7,5,0,7,6.37E-06
7,0.187086443,1.355594297,6.130118228,5.383,0,0,7,7,1,1,7,5,0,7,6.13E-06
7,0.178257649,1.828472349,6.000300901,5.383,0,0,7,7,1,1,7,5,0,7,6.36E-06
7,0.296067713,0.415717759,6.647904602,5.383,0,0,7,7,1,1,7,5,0,7,4.98E-06
7,0.181380473,1.673542271,6.040412476,5.383,0,0,7,7,1,1,7,5,0,7,6.30E-06
7,0.177677795,1.829102832,6,5.383,0,0,7,7,1,1,7,5,0,7,6.37E-06
7,0.1784505,1.830567941,6,5.383,0,0,7,7,1,1,7,5,0,7,6.36E-06
7,0.207753088,0.857908435,6.3307017,5.383,0,0,7,7,1,1,7,5,0,7,5.66E-06
7,0.177766376,1.830735569,6,5.383,0,0,7,7,1,1,7,5,0,7,6.37E-06
7,0.193549939,1.075201863,6.231847719,5.383,0,0,7,7,1,1,7,5,0,7,5.91E-06
7,0.452824744,0.271412579,6.833474214,5.383,0,0,7,7,1,1,7,5,0,7,5.05E-06
7,0.177145623,1.969417466,5.967891784,5.383,0,0,7,7,1,1,7,5,0,7,6.42E-06
7,0.178452864,1.829514127,6,5.383,0,0,7,7,1,1,7,5,0,7,6.36E-06
7,0.180356557,1.963843527,5.970927294,5.383,0,0,7,7,1,1,7,5,0,7,6.43E-06
7,0.205707677,0.914766919,6.303179797,5.383,0,0,7,7,1,1,7,5,0,7,5.73E-06
7,0.184707125,1.467393442,6.096225539,5.383,0,0,7,7,1,1,7,5,0,7,6.19E-06
7,0.215193256,0.789757714,6.36844513,5.383,0,0,7,7,1,1,7,5,0,7,5.57E-06
7,0.179910301,1.831400833,6,5.383,0,0,7,7,1,1,7,5,0,7,6.37E-06
7,0.180759489,1.643535801,6.047190436,5.383,0,0,7,7,1,1,7,5,0,7,6.28E-06
7,0.180934461,1.823634018,6,5.383,0,0,7,7,1,1,7,5,0,7,6.39E-06
7,0.177144307,1.822586962,6,5.383,0,0,7,7,1,1,7,5,0,7,6.37E-06
7,0.262900955,0.509324571,6.561430347,5.383,0,0,7,7,1,1,7,5,0,7,5.13E-06
7,0.194735471,1.124935835,6.213289367,5.383,0,0,7,7,1,1,7,5,0,7,5.94E-06
7,0.208066251,0.858793883,6.331392102,5.383,0,0,7,7,1,1,7,5,0,7,5.66E-06
7,0.179097673,1.803366476,6.006753074,5.383,0,0,7,7,1,1,7,5,0,7,6.35E-06
7,0.178576608,1.831761106,6,5.383,0,0,7,7,1,1,7,5,0,7,6.37E-06
7,0.178417383,1.830054658,6,5.383,0,0,7,7,1,1,7,5,0,7,6.36E-06
7,0.177705461,1.827534963,6,5.383,0,0,7,7,1,1,7,5,0,7,6.37E-06
7,0.242838077,0.574707808,6.506033854,5.383,0,0,7,7,1,1,7,5,0,7,5.24E-06
7,0.212619794,0.817659257,6.352801591,5.383,0,0,7,7,1,1,7,5,0,7,5.61E-06
7,0.202180387,0.946250062,6.287866604,5.383,0,0,7,7,1,1,7,5,0,7,5.77E-06
7,0.177722785,2.130379838,5.93491864,5.383,0,0,7,7,1,1,7,5,0,7,6.48E-06
7,0.179704,1.832230516,6,5.383,0,0,7,7,1,1,7,5,0,7,6.37E-06
7,0.178224437,1.829111388,6,5.383,0,0,7,7,1,1,7,5,0,7,6.37E-06
7,0.178328903,1.830368813,6,5.383,0,0,7,7,1,1,7,5,0,7,6.36E-06
7,0.383726372,0.306233471,6.778265552,5.383,0,0,7,7,1,1,7,5,0,7,4.97E-06
7,0.319004084,0.374111232,6.693055982,5.383,0,0,7,7,1,1,7,5,0,7,4.94E-06
7,0.179087359,1.834227418,6,5.383,0,0,7,7,1,1,7,5,0,7,6.37E-06
7,0.178675182,1.794506154,6.008683239,5.383,0,0,7,7,1,1,7,5,0,7,6.35E-06
7,0.183291657,1.388640985,6.118547691,5.383,0,0,7,7,1,1,7,5,0,7,6.16E-06
7,0.229309135,0.657636756,6.448247669,5.383,0,0,7,7,1,1,7,5,0,7,5.37E-06
7,0.177398407,1.828707061,6,5.383,0,0,7,7,1,1,7,5,0,7,6.37E-06
7,0.196755235,1.100325933,6.222694171,5.383,0,0,7,7,1,1,7,5,0,7,5.92E-06
7,0.014657145,0.621008809,5.988111685,5.383,0,0,7,7,1,1,7,5,0,7,0.000535321
7,0.188729653,1.359773797,6.130379823,5.383,0,0,7,7,1,1,7,5,0,7,6.13E-06
7,0.179158794,1.831243733,6,5.383,0,0,7,7,1,1,7,5,0,7,6.37E-06
7,0.179647586,1.83311242,6,5.383,0,0,7,7,1,1,7,5,0,7,6.37E-06
7,0.254878325,0.53108255,6.541422551,5.383,0,0,7,7,1,1,7,5,0,7,5.16E-06
7,0.178380947,1.830490565,6,5.383,0,0,7,7,1,1,7,5,0,7,6.36E-06
7,0.19494268,1.095236526,6.223626094,5.383,0,0,7,7,1,1,7,5,0,7,5.92E-06
7,0.216540312,0.774833522,6.376076711,5.383,0,0,7,7,1,1,7,5,0,7,5.55E-06
7,0.179960748,1.883842472,5.990436293,5.383,0,0,7,7,1,1,7,5,0,7,6.40E-06
7,0.394668769,0.301429205,6.787281487,5.383,0,0,7,7,1,1,7,5,0,7,4.96E-06
7,0.180704967,1.643017838,6.046879785,5.383,0,0,7,7,1,1,7,5,0,7,6.28E-06
7,0.178023585,1.828500345,6,5.383,0,0,7,7,1,1,7,5,0,7,6.37E-06
7,0.178651468,1.829571886,6.000234654,5.383,0,0,7,7,1,1,7,5,0,7,6.36E-06
7,0.17901795,1.832339052,6,5.383,0,0,7,7,1,1,7,5,0,7,6.37E-06
7,0.177665374,1.831028273,6,5.383,0,0,7,7,1,1,7,5,0,7,6.37E-06
7,0.20885863,0.87000624,6.325608205,5.383,0,0,7,7,1,1,7,5,0,7,5.68E-06
7,0.23935154,0.602935133,6.485542264,5.383,0,0,7,7,1,1,7,5,0,7,5.28E-06
7,0.17946261,1.830799132,6,5.383,0,0,7,7,1,1,7,5,0,7,6.37E-06
7,0.201485729,0.998211814,6.266017899,5.383,0,0,7,7,1,1,7,5,0,7,5.82E-06
7,0.178276447,1.846144357,5.996704212,5.383,0,0,7,7,1,1,7,5,0,7,6.37E-06
7,0.224224443,0.688733349,6.426031703,5.383,0,0,7,7,1,1,7,5,0,7,5.43E-06
7,0.219743988,0.748941381,6.389619644,5.383,0,0,7,7,1,1,7,5,0,7,5.52E-06
7,0.421661772,0.287003316,6.809657147,5.383,0,0,7,7,1,1,7,5,0,7,5.00E-06
7,0.178383826,1.830269092,6,5.383,0,0,7,7,1,1,7,5,0,7,6.36E-06
7,0.243291878,0.575130777,6.505511441,5.383,0,0,7,7,1,1,7,5,0,7,5.24E-06
7,0.18152511,1.624408468,6.052268636,5.383,0,0,7,7,1,1,7,5,0,7,6.27E-06
7,0.232960636,0.639690345,6.459770916,5.383,0,0,7,7,1,1,7,5,0,7,5.34E-06
7,1.244737664,0.175321566,7.01488628,5.383,0,0,7,7,1,1,7,5,0,7,6.26E-06
7,0.2166813,0.754835612,6.386059597,5.383,0,0,7,7,1,1,7,5,0,7,5.53E-06
7,0.177032144,1.827032946,6,5.383,0,0,7,7,1,1,7,5,0,7,6.37E-06
7,0.178989831,1.832084114,6,5.383,0,0,7,7,1,1,7,5,0,7,6.37E-06
7,0.178991096,1.830569449,6,5.383,0,0,7,7,1,1,7,5,0,7,6.37E-06
7,0.177997049,1.831865066,5.999702703,5.383,0,0,7,7,1,1,7,5,0,7,6.37E-06
7,0.181103069,1.666081157,6.041094143,5.383,0,0,7,7,1,1,7,5,0,7,6.29E-06
7,0.179429718,1.828719958,6,5.383,0,0,7,7,1,1,7,5,0,7,6.37E-06
7,0.222880258,0.709099923,6.413643805,5.383,0,0,7,7,1,1,7,5,0,7,5.46E-06
7,0.178615235,1.831822953,5.996335202,5.383,0,0,7,7,1,1,7,5,0,7,6.41E-06
7,0.176100553,1.827007502,6,5.383,0,0,7,7,1,1,7,5,0,7,6.37E-06
7,0.178208301,1.832301892,6,5.383,0,0,7,7,1,1,7,5,0,7,6.37E-06
7,0.191246358,1.164926857,6.197403975,5.383,0,0,7,7,1,1,7,5,0,7,5.98E-06
7,0.185888996,1.496942802,6.088253701,5.383,0,0,7,7,1,1,7,5,0,7,6.21E-06
7,0.178290619,1.829928416,6,5.383,0,0,7,7,1,1,7,5,0,7,6.36E-06
7,0.179682539,1.831456567,6,5.383,0,0,7,7,1,1,7,5,0,7,6.37E-06
7,0.919007902,0.190550632,6.981029548,5.383,0,0,7,7,1,1,7,5,0,7,5.88E-06
7,0.179233769,1.831681798,6,5.383,0,0,7,7,1,1,7,5,0,7,6.37E-06
7,0.181724287,1.835203699,6.000135342,5.383,0,0,7,7,1,1,7,5,0,7,6.38E-06
10,0.19149015,1.087289372,6.330110848,5.383,0,0,7,7,1,1,7,5,0,10,6.72E-06
10,0.020981153,1.117765005,5.956215084,5.383,0,0,7,7,1,1,7,5,0,10,0.000368431
10,0.168808479,2.085974731,6.044104491,5.383,0,0,7,7,1,1,7,5,0,10,7.28E-06
10,0.168444608,2.311565974,6,5.383,0,0,7,7,1,1,7,5,0,10,7.35E-06
10,0.169339888,2.313800825,6,5.383,0,0,7,7,1,1,7,5,0,10,7.35E-06
10,0.179708214,1.435909719,6.207705065,5.383,0,0,7,7,1,1,7,5,0,10,6.98E-06
10,0.164411357,2.473335566,5.969682118,5.383,0,0,7,7,1,1,7,5,0,10,7.40E-06
10,0.168842771,2.312005076,6,5.383,0,0,7,7,1,1,7,5,0,10,7.35E-06
10,0.172853103,1.88400926,6.08843471,5.383,0,0,7,7,1,1,7,5,0,10,7.21E-06
10,0.167031853,2.307711188,6,5.383,0,0,7,7,1,1,7,5,0,10,7.35E-06
10,0.294573033,0.39719832,6.767738317,5.383,0,0,7,7,1,1,7,5,0,10,5.85E-06
10,0.1697342,2.299937035,5.999849881,5.383,0,0,7,7,1,1,7,5,0,10,7.38E-06
10,0.214240789,0.781327447,6.47524374,5.383,0,0,7,7,1,1,7,5,0,10,6.39E-06
10,0.306870007,0.390051753,6.779216172,5.383,0,0,7,7,1,1,7,5,0,10,5.83E-06
10,0.167114263,2.305952736,6,5.383,0,0,7,7,1,1,7,5,0,10,7.35E-06
10,0.16763441,2.310235107,6,5.383,0,0,7,7,1,1,7,5,0,10,7.35E-06
10,0.231677048,0.605929689,6.585338837,5.383,0,0,7,7,1,1,7,5,0,10,6.13E-06
10,0.19354694,1.038295066,6.349499289,5.383,0,0,7,7,1,1,7,5,0,10,6.68E-06
10,0.169670898,2.274628908,6.007433062,5.383,0,0,7,7,1,1,7,5,0,10,7.34E-06
10,0.167101879,2.308544544,6,5.383,0,0,7,7,1,1,7,5,0,10,7.35E-06
10,0.169690025,2.093636463,6.042799412,5.383,0,0,7,7,1,1,7,5,0,10,7.28E-06
10,0.170547897,2.315796573,6,5.383,0,0,7,7,1,1,7,5,0,10,7.36E-06
10,0.168443308,2.313246661,6,5.383,0,0,7,7,1,1,7,5,0,10,7.35E-06
10,0.343613064,0.339016841,6.83915356,5.383,0,0,7,7,1,1,7,5,0,10,5.80E-06
10,0.170308742,2.078973985,6.045988511,5.383,0,0,7,7,1,1,7,5,0,10,7.28E-06
10,0.168993494,2.309482386,6,5.383,0,0,7,7,1,1,7,5,0,10,7.35E-06
10,0.168334369,2.311381223,6,5.383,0,0,7,7,1,1,7,5,0,10,7.35E-06
10,0.191488649,1.049325629,6.344747914,5.383,0,0,7,7,1,1,7,5,0,10,6.69E-06
10,0.180703813,1.473427772,6.197234999,5.383,0,0,7,7,1,1,7,5,0,10,7.01E-06
10,0.186605059,1.216030006,6.2802017,5.383,0,0,7,7,1,1,7,5,0,10,6.83E-06
10,0.179945437,1.461659217,6.200469991,5.383,0,0,7,7,1,1,7,5,0,10,7.00E-06
10,0.246674775,0.535861735,6.638670493,5.383,0,0,7,7,1,1,7,5,0,10,6.02E-06
10,0.201714865,0.916026771,6.406152382,5.383,0,0,7,7,1,1,7,5,0,10,6.55E-06
10,0.168191645,2.311932517,6,5.383,0,0,7,7,1,1,7,5,0,10,7.35E-06
10,0.250829979,0.522842479,6.650278166,5.383,0,0,7,7,1,1,7,5,0,10,6.00E-06
10,0.797778999,0.197641486,7.06912621,5.383,0,0,7,7,1,1,7,5,0,10,6.50E-06
10,0.180357537,1.389312355,6.221334607,5.383,0,0,7,7,1,1,7,5,0,10,6.96E-06
10,0.174945732,1.702007485,6.133709129,5.383,0,0,7,7,1,1,7,5,0,10,7.13E-06
10,0.16817906,2.311969001,6,5.383,0,0,7,7,1,1,7,5,0,10,7.35E-06
10,0.317779534,0.365578002,6.805523722,5.383,0,0,7,7,1,1,7,5,0,10,5.81E-06
10,0.168917835,2.312179117,6,5.383,0,0,7,7,1,1,7,5,0,10,7.35E-06
10,0.168399375,2.310414995,6,5.383,0,0,7,7,1,1,7,5,0,10,7.35E-06
10,0.230476598,0.617000198,6.577150022,5.383,0,0,7,7,1,1,7,5,0,10,6.15E-06
10,0.169129827,2.313051221,6,5.383,0,0,7,7,1,1,7,5,0,10,7.35E-06
10,0.184057975,1.294626338,6.254491112,5.383,0,0,7,7,1,1,7,5,0,10,6.89E-06
10,0.008386777,0.471348219,6,5.383,0,0,7,7,1,1,7,5,0,10,0.000802979
10,0.170734504,2.007615227,6.06093248,5.383,0,0,7,7,1,1,7,5,0,10,7.25E-06
10,0.205292763,0.8524076,6.436616197,5.383,0,0,7,7,1,1,7,5,0,10,6.48E-06
10,0.17016333,2.314192201,6,5.383,0,0,7,7,1,1,7,5,0,10,7.35E-06
10,0.242424992,0.549651318,6.628102343,5.383,0,0,7,7,1,1,7,5,0,10,6.04E-06
10,0.197263288,0.950243034,6.388302572,5.383,0,0,7,7,1,1,7,5,0,10,6.59E-06
10,0.173014128,2.171176469,6.029901118,5.383,0,0,7,7,1,1,7,5,0,10,7.33E-06
10,0.274945122,0.448868427,6.716732002,5.383,0,0,7,7,1,1,7,5,0,10,5.89E-06
10,0.188238876,1.113825624,6.318380933,5.383,0,0,7,7,1,1,7,5,0,10,6.75E-06
10,0.167937292,2.310342785,6,5.383,0,0,7,7,1,1,7,5,0,10,7.35E-06
10,0.166698481,2.303387531,6,5.383,0,0,7,7,1,1,7,5,0,10,7.35E-06
10,0.168216114,2.309068166,6,5.383,0,0,7,7,1,1,7,5,0,10,7.35E-06
10,0.190222867,1.081683126,6.330956621,5.383,0,0,7,7,1,1,7,5,0,10,6.72E-06
10,0.297803798,0.399256007,6.767044762,5.383,0,0,7,7,1,1,7,5,0,10,5.83E-06
10,0.166969477,2.309082294,6,5.383,0,0,7,7,1,1,7,5,0,10,7.35E-06
10,0.167882586,2.299282745,6.001983603,5.383,0,0,7,7,1,1,7,5,0,10,7.34E-06
10,0.262242337,0.498234753,6.671746142,5.383,0,0,7,7,1,1,7,5,0,10,5.97E-06
10,0.250457618,0.517517778,6.652105756,5.383,0,0,7,7,1,1,7,5,0,10,6.01E-06
10,0.167305596,2.309278821,6,5.383,0,0,7,7,1,1,7,5,0,10,7.35E-06
10,0.231956865,0.593271455,6.592628046,5.383,0,0,7,7,1,1,7,5,0,10,6.13E-06
10,0.342655616,0.337343798,6.840354295,5.383,0,0,7,7,1,1,7,5,0,10,5.80E-06
10,0.272617483,0.457370241,6.709475842,5.383,0,0,7,7,1,1,7,5,0,10,5.90E-06
10,0.504570258,0.248013293,6.973899158,5.383,0,0,7,7,1,1,7,5,0,10,5.99E-06
10,0.36213179,0.320427373,6.863163819,5.383,0,0,7,7,1,1,7,5,0,10,5.80E-06
10,0.167981653,2.31010834,6,5.383,0,0,7,7,1,1,7,5,0,10,7.35E-06
10,0.165143489,2.298347444,6,5.383,0,0,7,7,1,1,7,5,0,10,7.36E-06
10,0.185090509,1.18662718,6.290131318,5.383,0,0,7,7,1,1,7,5,0,10,6.82E-06
10,0.168291027,2.310879568,6,5.383,0,0,7,7,1,1,7,5,0,10,7.35E-06
10,0.175817034,1.618299844,6.155539874,5.383,0,0,7,7,1,1,7,5,0,10,7.09E-06
10,0.174037538,1.69990142,6.133450677,5.383,0,0,7,7,1,1,7,5,0,10,7.13E-06
10,0.231410174,0.619751757,6.57545957,5.383,0,0,7,7,1,1,7,5,0,10,6.15E-06
10,0.169827972,2.315702889,6,5.383,0,0,7,7,1,1,7,5,0,10,7.35E-06
10,0.166207717,2.306621399,6,5.383,0,0,7,7,1,1,7,5,0,10,7.35E-06
10,0.337251144,0.346015779,6.830383163,5.383,0,0,7,7,1,1,7,5,0,10,5.80E-06
10,0.855579519,0.192936294,7.079302601,5.383,0,0,7,7,1,1,7,5,0,10,6.58E-06
10,0.167451734,2.31011596,6,5.383,0,0,7,7,1,1,7,5,0,10,7.35E-06
10,0.374946799,0.311627652,6.876267497,5.383,0,0,7,7,1,1,7,5,0,10,5.81E-06
10,0.169600473,2.110415528,6.039608544,5.383,0,0,7,7,1,1,7,5,0,10,7.29E-06
10,0.173571527,1.747522546,6.121710567,5.383,0,0,7,7,1,1,7,5,0,10,7.15E-06
10,0.168054092,2.310807266,6,5.383,0,0,7,7,1,1,7,5,0,10,7.35E-06
10,0.1677258,2.310042683,6,5.383,0,0,7,7,1,1,7,5,0,10,7.35E-06
10,0.17245019,1.93065845,6.078409279,5.383,0,0,7,7,1,1,7,5,0,10,7.22E-06
10,0.16801301,2.309551149,6,5.383,0,0,7,7,1,1,7,5,0,10,7.35E-06
10,0.167839252,2.308764332,6,5.383,0,0,7,7,1,1,7,5,0,10,7.35E-06
10,0.167779857,2.309663238,6,5.383,0,0,7,7,1,1,7,5,0,10,7.35E-06
10,0.235751859,0.602364905,6.589102491,5.383,0,0,7,7,1,1,7,5,0,10,6.13E-06
10,0.312746337,0.377145498,6.792358558,5.383,0,0,7,7,1,1,7,5,0,10,5.81E-06
10,0.354191913,0.326503323,6.854781564,5.383,0,0,7,7,1,1,7,5,0,10,5.80E-06
10,0.375706321,0.314075159,6.869969508,5.383,0,0,7,7,1,1,7,5,0,10,5.83E-06
10,0.189542299,1.095402701,6.325306703,5.383,0,0,7,7,1,1,7,5,0,10,6.73E-06
10,9.618682002,0.140954481,7.208635051,5.383,0,0,7,7,1,1,7,5,0,10,8.36E-06
10,0.184242266,1.204690975,6.28336913,5.383,0,0,7,7,1,1,7,5,0,10,6.83E-06
10,0.224714705,0.646837448,6.557384103,5.383,0,0,7,7,1,1,7,5,0,10,6.20E-06
10,0.011005251,0.628701903,5.982569671,5.383,0,0,7,7,1,1,7,5,0,10,0.000651987
10,0.169038862,2.313344516,6,5.383,0,0,7,7,1,1,7,5,0,10,7.35E-06
10,0.167599584,2.373457828,5.98818421,5.383,0,0,7,7,1,1,7,5,0,10,7.36E-06
15,0.17356117,1.88787652,6.08686799,5.383,0,0,7,7,1,1,7,5,0,15,2.27E-05
15,0.171352355,2.301617442,6.001822008,5.383,0,0,7,7,1,1,7,5,0,15,2.32E-05
15,0.168769577,2.306099259,6,5.383,0,0,7,7,1,1,7,5,0,15,2.32E-05
15,0.273328471,0.500117983,6.668822651,5.383,0,0,7,7,1,1,7,5,0,15,1.87E-05
15,0.169437267,2.30749748,6,5.383,0,0,7,7,1,1,7,5,0,15,2.32E-05
15,0.545294,0.247081308,6.974164935,5.383,0,0,7,7,1,1,7,5,0,15,1.90E-05
15,0.169071459,2.307296257,6,5.383,0,0,7,7,1,1,7,5,0,15,2.32E-05
15,0.30085544,0.433142329,6.731061312,5.383,0,0,7,7,1,1,7,5,0,15,1.84E-05
15,0.22064728,0.759641515,6.485598341,5.383,0,0,7,7,1,1,7,5,0,15,1.98E-05
15,0.203912196,0.96380375,6.381563851,5.383,0,0,7,7,1,1,7,5,0,15,2.06E-05
15,0.169168516,2.309607184,6,5.383,0,0,7,7,1,1,7,5,0,15,2.32E-05
15,0.167923702,2.305385174,6,5.383,0,0,7,7,1,1,7,5,0,15,2.32E-05
15,0.231977225,0.688637352,6.527899279,5.383,0,0,7,7,1,1,7,5,0,15,1.95E-05
15,0.18221288,1.462913275,6.19888576,5.383,0,0,7,7,1,1,7,5,0,15,2.19E-05
15,0.202499931,0.980295056,6.375015876,5.383,0,0,7,7,1,1,7,5,0,15,2.06E-05
15,0.257963093,0.554788354,6.623411176,5.383,0,0,7,7,1,1,7,5,0,15,1.89E-05
15,0.169221425,2.307704922,6,5.383,0,0,7,7,1,1,7,5,0,15,2.32E-05
15,0.186136414,1.357461949,6.231745952,5.383,0,0,7,7,1,1,7,5,0,15,2.17E-05
15,0.18959269,1.2725222,6.260105438,5.383,0,0,7,7,1,1,7,5,0,15,2.15E-05
15,0.167202749,2.302749053,6,5.383,0,0,7,7,1,1,7,5,0,15,2.32E-05
15,0.16624881,2.301223718,6,5.383,0,0,7,7,1,1,7,5,0,15,2.33E-05
15,0.166979835,2.302419212,6,5.383,0,0,7,7,1,1,7,5,0,15,2.32E-05
15,0.168648923,2.30484714,6,5.383,0,0,7,7,1,1,7,5,0,15,2.32E-05
15,0.248085828,0.59363477,6.593650715,5.383,0,0,7,7,1,1,7,5,0,15,1.91E-05
15,0.203788424,0.964632416,6.380622092,5.383,0,0,7,7,1,1,7,5,0,15,2.06E-05
15,0.226298244,0.732268836,6.502455426,5.383,0,0,7,7,1,1,7,5,0,15,1.97E-05
15,0.172999375,1.945314572,6.074097231,5.383,0,0,7,7,1,1,7,5,0,15,2.28E-05
15,0.200479324,1.000652532,6.364879024,5.383,0,0,7,7,1,1,7,5,0,15,2.07E-05
15,0.017088266,0.941927745,5.927909338,5.383,0,0,7,7,1,1,7,5,0,15,0.000689545
15,0.853431035,0.196583554,7.071864926,5.383,0,0,7,7,1,1,7,5,0,15,2.06E-05
15,0.16933991,2.338666783,5.994112056,5.383,0,0,7,7,1,1,7,5,0,15,2.33E-05
15,0.168208764,2.407022599,5.980343948,5.383,0,0,7,7,1,1,7,5,0,15,2.34E-05
15,0.201666188,0.997181389,6.366332629,5.383,0,0,7,7,1,1,7,5,0,15,2.07E-05
15,0.16855909,2.306376181,6,5.383,0,0,7,7,1,1,7,5,0,15,2.32E-05
15,0.16790159,2.304569533,6,5.383,0,0,7,7,1,1,7,5,0,15,2.32E-05
15,0.243847704,0.608338621,6.581231947,5.383,0,0,7,7,1,1,7,5,0,15,1.92E-05
15,0.207806764,0.883604372,6.418517487,5.383,0,0,7,7,1,1,7,5,0,15,2.03E-05
15,0.170998882,2.201286123,6.020790274,5.383,0,0,7,7,1,1,7,5,0,15,2.31E-05
15,0.211647154,0.845589936,6.43809436,5.383,0,0,7,7,1,1,7,5,0,15,2.02E-05
15,0.197560633,1.052371544,6.342813716,5.383,0,0,7,7,1,1,7,5,0,15,2.09E-05
15,0.168926106,2.307207921,6,5.383,0,0,7,7,1,1,7,5,0,15,2.32E-05
15,0.798670604,0.201697519,7.060714798,5.383,0,0,7,7,1,1,7,5,0,15,2.03E-05
15,0.239248744,0.621916294,6.571875385,5.383,0,0,7,7,1,1,7,5,0,15,1.92E-05
15,0.168615476,2.306365803,6,5.383,0,0,7,7,1,1,7,5,0,15,2.32E-05
15,0.270847785,0.511633733,6.658016678,5.383,0,0,7,7,1,1,7,5,0,15,1.87E-05
15,0.264712891,0.532122129,6.643138929,5.383,0,0,7,7,1,1,7,5,0,15,1.88E-05
15,0.170431941,2.033203615,6.054085572,5.383,0,0,7,7,1,1,7,5,0,15,2.29E-05
15,0.166927455,2.30231084,6,5.383,0,0,7,7,1,1,7,5,0,15,2.32E-05
15,0.169232223,2.307131634,6,5.383,0,0,7,7,1,1,7,5,0,15,2.32E-05
15,0.167068079,2.297263256,6,5.383,0,0,7,7,1,1,7,5,0,15,2.32E-05
15,0.168762417,2.306441504,6,5.383,0,0,7,7,1,1,7,5,0,15,2.32E-05
15,0.180483496,1.521863768,6.181444103,5.383,0,0,7,7,1,1,7,5,0,15,2.21E-05
15,0.166541344,2.302103339,6,5.383,0,0,7,7,1,1,7,5,0,15,2.32E-05
15,0.190181679,1.214579943,6.280909962,5.383,0,0,7,7,1,1,7,5,0,15,2.13E-05
15,0.168524815,2.30310401,6,5.383,0,0,7,7,1,1,7,5,0,15,2.32E-05
15,0.168145272,2.294046693,6.001619709,5.383,0,0,7,7,1,1,7,5,0,15,2.32E-05
15,0.168456305,2.304844814,6,5.383,0,0,7,7,1,1,7,5,0,15,2.32E-05
15,0.168234749,2.342951878,5.992760489,5.383,0,0,7,7,1,1,7,5,0,15,2.33E-05
15,0.177657503,1.722744159,6.127382595,5.383,0,0,7,7,1,1,7,5,0,15,2.24E-05
15,0.169528656,2.255686175,6.009875971,5.383,0,0,7,7,1,1,7,5,0,15,2.32E-05
15,0.168625358,2.306057392,6,5.383,0,0,7,7,1,1,7,5,0,15,2.32E-05
15,0.262486633,0.542485289,6.633621831,5.383,0,0,7,7,1,1,7,5,0,15,1.89E-05
15,0.241871545,0.627481843,6.569466916,5.383,0,0,7,7,1,1,7,5,0,15,1.92E-05
15,0.25499333,0.572213003,6.610444475,5.383,0,0,7,7,1,1,7,5,0,15,1.90E-05
15,0.169580409,2.304645568,6,5.383,0,0,7,7,1,1,7,5,0,15,2.32E-05
15,0.179014715,1.618829678,6.154626718,5.383,0,0,7,7,1,1,7,5,0,15,2.23E-05
15,0.216186455,0.821343821,6.45184958,5.383,0,0,7,7,1,1,7,5,0,15,2.00E-05
15,0.196459716,1.090200519,6.327559815,5.383,0,0,7,7,1,1,7,5,0,15,2.10E-05
15,0.79416059,0.202206703,7.059791525,5.383,0,0,7,7,1,1,7,5,0,15,2.03E-05
15,0.016016321,0.793617544,5.980283905,5.383,0,0,7,7,1,1,7,5,0,15,0.000751116
15,0.204789156,0.960298017,6.382961706,5.383,0,0,7,7,1,1,7,5,0,15,2.06E-05
15,0.180538492,1.493149896,6.189000258,5.383,0,0,7,7,1,1,7,5,0,15,2.20E-05
15,0.2600074,0.545594604,6.630526118,5.383,0,0,7,7,1,1,7,5,0,15,1.89E-05
15,0.167113219,2.303277181,6,5.383,0,0,7,7,1,1,7,5,0,15,2.32E-05
15,0.168610686,2.303771291,6.000238472,5.383,0,0,7,7,1,1,7,5,0,15,2.32E-05
15,0.169097463,2.30691433,6,5.383,0,0,7,7,1,1,7,5,0,15,2.32E-05
15,0.169780738,2.289095272,6.003345134,5.383,0,0,7,7,1,1,7,5,0,15,2.32E-05
15,0.01354561,0.762026424,5.936297592,5.383,0,0,7,7,1,1,7,5,0,15,0.000832312
15,0.010182864,0.515571633,5.992167527,5.383,0,0,7,7,1,1,7,5,0,15,0.001075142
15,0.20797442,0.886848599,6.417091435,5.383,0,0,7,7,1,1,7,5,0,15,2.03E-05
15,0.169051657,2.308105075,6,5.383,0,0,7,7,1,1,7,5,0,15,2.32E-05
15,0.170541269,2.308692201,6,5.383,0,0,7,7,1,1,7,5,0,15,2.32E-05
15,0.175146082,1.813725217,6.104853925,5.383,0,0,7,7,1,1,7,5,0,15,2.26E-05
15,0.202891911,0.966233583,6.379690242,5.383,0,0,7,7,1,1,7,5,0,15,2.06E-05
15,0.19297555,1.16981193,6.296867565,5.383,0,0,7,7,1,1,7,5,0,15,2.12E-05
15,0.195321737,1.047418103,6.343953967,5.383,0,0,7,7,1,1,7,5,0,15,2.09E-05
15,0.169317528,2.305831906,6,5.383,0,0,7,7,1,1,7,5,0,15,2.32E-05
15,0.196577006,1.076895546,6.332022443,5.383,0,0,7,7,1,1,7,5,0,15,2.10E-05
15,0.168046334,2.304658556,6,5.383,0,0,7,7,1,1,7,5,0,15,2.32E-05
15,0.198605888,1.029181489,6.35219677,5.383,0,0,7,7,1,1,7,5,0,15,2.08E-05
15,0.167413278,2.301962256,6,5.383,0,0,7,7,1,1,7,5,0,15,2.32E-05
15,0.168376609,2.304205715,6,5.383,0,0,7,7,1,1,7,5,0,15,2.32E-05
15,0.202571335,0.986572477,6.37188526,5.383,0,0,7,7,1,1,7,5,0,15,2.07E-05
15,0.219869444,0.777243674,6.474638284,5.383,0,0,7,7,1,1,7,5,0,15,1.99E-05
15,0.403572076,0.311266565,6.874531434,5.383,0,0,7,7,1,1,7,5,0,15,1.84E-05
15,0.16738138,2.313660659,5.997965766,5.383,0,0,7,7,1,1,7,5,0,15,2.32E-05
15,0.168234252,2.305570365,6,5.383,0,0,7,7,1,1,7,5,0,15,2.32E-05
15,0.181272788,1.534101443,6.178319855,5.383,0,0,7,7,1,1,7,5,0,15,2.21E-05
15,0.210907387,0.859374318,6.431943435,5.383,0,0,7,7,1,1,7,5,0,15,2.02E-05
15,0.181370503,1.568877279,6.169457548,5.383,0,0,7,7,1,1,7,5,0,15,2.22E-05
15,0.193180051,1.129351466,6.310719806,5.383,0,0,7,7,1,1,7,5,0,15,2.11E-05
30,0.161704388,1.986985306,6,5.383,0,0,7,7,1,1,7,5,0,30,9.46E-05
30,0.175190573,1.4077745,6.150759145,5.383,0,0,7,7,1,1,7,5,0,30,9.07E-05
30,0.162870945,1.992141555,6,5.383,0,0,7,7,1,1,7,5,0,30,9.46E-05
30,0.161929542,1.990030414,6,5.383,0,0,7,7,1,1,7,5,0,30,9.46E-05
30,0.158691026,2.133641131,5.968568859,5.383,0,0,7,7,1,1,7,5,0,30,9.53E-05
30,0.219101029,0.757084166,6.423298087,5.383,0,0,7,7,1,1,7,5,0,30,8.38E-05
30,0.162058152,1.989577936,6,5.383,0,0,7,7,1,1,7,5,0,30,9.46E-05
30,0.161244351,1.983391513,6,5.383,0,0,7,7,1,1,7,5,0,30,9.46E-05
30,0.207534779,0.865315875,6.364011467,5.383,0,0,7,7,1,1,7,5,0,30,8.52E-05
30,0.234102307,0.681015356,6.473453932,5.383,0,0,7,7,1,1,7,5,0,30,8.28E-05
30,0.402605399,0.315072398,6.804658012,5.383,0,0,7,7,1,1,7,5,0,30,7.96E-05
30,0.961197316,0.179097612,7.046309557,5.383,0,0,7,7,1,1,7,5,0,30,8.80E-05
30,0.192816835,1.057379736,6.27750793,5.383,0,0,7,7,1,1,7,5,0,30,8.74E-05
30,0.235750656,0.653917121,6.488209119,5.383,0,0,7,7,1,1,7,5,0,30,8.24E-05
30,0.162147147,1.99037762,6,5.383,0,0,7,7,1,1,7,5,0,30,9.46E-05
30,0.178343158,1.319831088,6.179062503,5.383,0,0,7,7,1,1,7,5,0,30,9.00E-05
30,0.162541972,1.989270089,6,5.383,0,0,7,7,1,1,7,5,0,30,9.46E-05
30,0.16208855,1.991772136,5.999526905,5.383,0,0,7,7,1,1,7,5,0,30,9.46E-05
30,0.162487739,1.990797742,6,5.383,0,0,7,7,1,1,7,5,0,30,9.46E-05
30,0.166836996,1.696776186,6.069261756,5.383,0,0,7,7,1,1,7,5,0,30,9.28E-05
30,0.367619119,0.349302307,6.761779037,5.383,0,0,7,7,1,1,7,5,0,30,7.94E-05
30,0.21926001,0.757551191,6.423882456,5.383,0,0,7,7,1,1,7,5,0,30,8.38E-05
30,0.173095991,1.481360916,6.128856254,5.383,0,0,7,7,1,1,7,5,0,30,9.13E-05
30,0.161355576,1.970663686,6.003085227,5.383,0,0,7,7,1,1,7,5,0,30,9.45E-05
30,0.168882907,1.679988817,6.07418599,5.383,0,0,7,7,1,1,7,5,0,30,9.27E-05
30,0.231101023,0.688270387,6.465749383,5.383,0,0,7,7,1,1,7,5,0,30,8.29E-05
30,0.181978879,1.24821618,6.204405099,5.383,0,0,7,7,1,1,7,5,0,30,8.93E-05
30,0.163330873,1.995755361,6,5.383,0,0,7,7,1,1,7,5,0,30,9.46E-05
30,0.167600367,1.782017948,6.049023664,5.383,0,0,7,7,1,1,7,5,0,30,9.34E-05
30,0.162582649,1.991860325,6,5.383,0,0,7,7,1,1,7,5,0,30,9.46E-05
30,0.17158888,1.542929679,6.111269565,5.383,0,0,7,7,1,1,7,5,0,30,9.17E-05
30,0.163181678,1.991407387,6,5.383,0,0,7,7,1,1,7,5,0,30,9.46E-05
30,0.201783317,0.92415762,6.336253091,5.383,0,0,7,7,1,1,7,5,0,30,8.59E-05
30,0.186585955,1.157143817,6.237533906,5.383,0,0,7,7,1,1,7,5,0,30,8.84E-05
30,0.160906872,1.977788024,6.000185569,5.383,0,0,7,7,1,1,7,5,0,30,9.46E-05
30,0.159803142,1.981946322,6,5.383,0,0,7,7,1,1,7,5,0,30,9.46E-05
30,0.162289532,1.989950396,6,5.383,0,0,7,7,1,1,7,5,0,30,9.46E-05
30,0.190429602,1.091134207,6.263766054,5.383,0,0,7,7,1,1,7,5,0,30,8.77E-05
30,0.163871786,1.840255988,6.03353246,5.383,0,0,7,7,1,1,7,5,0,30,9.37E-05
30,0.186008833,1.129716824,6.245433344,5.383,0,0,7,7,1,1,7,5,0,30,8.83E-05
30,0.162125356,1.989301692,6,5.383,0,0,7,7,1,1,7,5,0,30,9.46E-05
30,0.164883363,1.838624512,6.034784673,5.383,0,0,7,7,1,1,7,5,0,30,9.37E-05
30,0.162407704,1.98882492,6,5.383,0,0,7,7,1,1,7,5,0,30,9.46E-05
30,0.208951574,0.845034385,6.374850439,5.383,0,0,7,7,1,1,7,5,0,30,8.49E-05
30,0.211120799,0.824284781,6.385669539,5.383,0,0,7,7,1,1,7,5,0,30,8.47E-05
30,0.199590219,0.941715208,6.327030652,5.383,0,0,7,7,1,1,7,5,0,30,8.61E-05
30,0.194693696,1.025206887,6.290109807,5.383,0,0,7,7,1,1,7,5,0,30,8.71E-05
30,0.161708295,1.987096287,6,5.383,0,0,7,7,1,1,7,5,0,30,9.46E-05
30,0.168337119,1.696264377,6.070384989,5.383,0,0,7,7,1,1,7,5,0,30,9.28E-05
30,0.170973372,1.599861544,6.096225644,5.383,0,0,7,7,1,1,7,5,0,30,9.21E-05
30,0.162832033,1.992439558,6,5.383,0,0,7,7,1,1,7,5,0,30,9.46E-05
30,0.377140236,0.339611566,6.773511606,5.383,0,0,7,7,1,1,7,5,0,30,7.94E-05
30,0.161764265,1.986546189,6,5.383,0,0,7,7,1,1,7,5,0,30,9.46E-05
30,0.187198952,1.142724656,6.242925891,5.383,0,0,7,7,1,1,7,5,0,30,8.83E-05
30,0.164994767,1.998459114,6,5.383,0,0,7,7,1,1,7,5,0,30,9.46E-05
30,0.222794205,0.732848833,6.438179885,5.383,0,0,7,7,1,1,7,5,0,30,8.35E-05
30,0.197066751,0.960263541,6.318527274,5.383,0,0,7,7,1,1,7,5,0,30,8.63E-05
30,0.217938442,0.762836246,6.420499808,5.383,0,0,7,7,1,1,7,5,0,30,8.39E-05
30,0.165426767,1.783804593,6.047527345,5.383,0,0,7,7,1,1,7,5,0,30,9.34E-05
30,0.216975467,0.7729077,6.414278276,5.383,0,0,7,7,1,1,7,5,0,30,8.40E-05
30,0.238048531,0.644919969,6.494090382,5.383,0,0,7,7,1,1,7,5,0,30,8.23E-05
30,0.1629158,1.989934553,6,5.383,0,0,7,7,1,1,7,5,0,30,9.46E-05
30,0.162993546,1.984155217,6.002303014,5.383,0,0,7,7,1,1,7,5,0,30,9.45E-05
30,0.169337973,1.70127254,6.06972605,5.383,0,0,7,7,1,1,7,5,0,30,9.28E-05
30,0.172123362,1.520223209,6.117799022,5.383,0,0,7,7,1,1,7,5,0,30,9.16E-05
30,0.162888823,1.99082939,6,5.383,0,0,7,7,1,1,7,5,0,30,9.46E-05
30,0.162832506,1.976872342,6.002695961,5.383,0,0,7,7,1,1,7,5,0,30,9.45E-05
30,0.162972882,1.976449241,6.003457777,5.383,0,0,7,7,1,1,7,5,0,30,9.45E-05
30,0.162832513,1.993986575,6,5.383,0,0,7,7,1,1,7,5,0,30,9.46E-05
30,0.162840437,1.992255701,6,5.383,0,0,7,7,1,1,7,5,0,30,9.46E-05
30,0.262975878,0.538464252,6.572274054,5.383,0,0,7,7,1,1,7,5,0,30,8.09E-05
30,0.248807427,0.593651146,6.530106459,5.383,0,0,7,7,1,1,7,5,0,30,8.16E-05
30,0.169783711,1.635773714,6.08602487,5.383,0,0,7,7,1,1,7,5,0,30,9.24E-05
30,0.192032548,1.059307997,6.276136981,5.383,0,0,7,7,1,1,7,5,0,30,8.74E-05
30,0.214888572,0.799997695,6.399208759,5.383,0,0,7,7,1,1,7,5,0,30,8.44E-05
30,0.234714905,0.657898199,6.485540328,5.383,0,0,7,7,1,1,7,5,0,30,8.25E-05
30,0.161988922,1.988127536,6,5.383,0,0,7,7,1,1,7,5,0,30,9.46E-05
30,0.162970338,1.992037894,6,5.383,0,0,7,7,1,1,7,5,0,30,9.46E-05
30,0.162620549,1.993884609,6,5.383,0,0,7,7,1,1,7,5,0,30,9.46E-05
30,0.155710622,2.357631045,5.925185556,5.383,0,0,7,7,1,1,7,5,0,30,9.64E-05
30,0.162620674,1.990256054,6,5.383,0,0,7,7,1,1,7,5,0,30,9.46E-05
30,0.159856631,1.983239265,6,5.383,0,0,7,7,1,1,7,5,0,30,9.46E-05
30,0.161284587,1.985331131,6,5.383,0,0,7,7,1,1,7,5,0,30,9.46E-05
30,0.165386894,1.779417967,6.048279682,5.383,0,0,7,7,1,1,7,5,0,30,9.34E-05
30,0.183886689,1.226355104,6.212156975,5.383,0,0,7,7,1,1,7,5,0,30,8.91E-05
30,0.162626431,1.957262886,6.007268089,5.383,0,0,7,7,1,1,7,5,0,30,9.44E-05
30,0.197532089,0.968552892,6.315263934,5.383,0,0,7,7,1,1,7,5,0,30,8.64E-05
30,0.17534886,1.441441392,6.141512662,5.383,0,0,7,7,1,1,7,5,0,30,9.10E-05
30,0.209857263,0.838759253,6.378176371,5.383,0,0,7,7,1,1,7,5,0,30,8.49E-05
30,0.184857793,1.215546816,6.21772807,5.383,0,0,7,7,1,1,7,5,0,30,8.90E-05
30,0.162043525,1.989787841,6,5.383,0,0,7,7,1,1,7,5,0,30,9.46E-05
30,0.225705062,0.721032224,6.445715335,5.383,0,0,7,7,1,1,7,5,0,30,8.33E-05
30,0.165214978,1.836955251,6.034935087,5.383,0,0,7,7,1,1,7,5,0,30,9.37E-05
30,0.162000865,1.975681656,6.002311952,5.383,0,0,7,7,1,1,7,5,0,30,9.45E-05
30,0.370304945,0.351356101,6.761781138,5.383,0,0,7,7,1,1,7,5,0,30,7.94E-05
30,0.181234898,1.298424071,6.187883229,5.383,0,0,7,7,1,1,7,5,0,30,8.97E-05
30,0.398480483,0.32608541,6.793946142,5.383,0,0,7,7,1,1,7,5,0,30,7.95E-05
30,0.17335124,1.494991123,6.125430068,5.383,0,0,7,7,1,1,7,5,0,30,9.14E-05
30,0.277205452,0.498437976,6.606792546,5.383,0,0,7,7,1,1,7,5,0,30,8.04E-05
30,0.162652971,1.978867774,6.001361916,5.383,0,0,7,7,1,1,7,5,0,30,9.45E-05
30,0.162878397,1.990956986,6,5.383,0,0,7,7,1,1,7,5,0,30,9.46E-05
